"Threshold","Accuracy","Precision","Recall","F1"
0.1,0.076,0.0630081300813008,0.96875,0.118320610687023
0.2,0.27,0.0784810126582278,0.96875,0.14519906323185
0.3,0.496,0.101449275362319,0.875,0.181818181818182
0.4,0.594,0.10958904109589,0.75,0.191235059760956
0.5,0.724,0.121428571428571,0.53125,0.197674418604651
0.6,0.818,0.168539325842697,0.46875,0.247933884297521
0.7,0.874,0.207547169811321,0.34375,0.258823529411765
0.8,0.912,0.269230769230769,0.21875,0.241379310344828
0.9,0.932,0.375,0.09375,0.15
