transaction_id,amount,transaction_hour,international,new_device,location_changed,previous_fraud,transaction_type,fraud
TXN00001,1802.11,12,0,0,1,0,UPI,0
TXN00002,955.02,14,0,0,0,0,UPI,0
TXN00003,2095.8,19,1,0,0,0,ATM,0
TXN00004,5029.27,18,0,1,0,0,Bank Transfer,0
TXN00005,867.7,2,1,0,0,0,UPI,0
TXN00006,867.71,3,0,0,0,0,Bank Transfer,0
TXN00007,5319.92,4,0,0,0,1,UPI,0
TXN00008,2362.4,0,0,0,0,0,Card,0
TXN00009,685.76,3,0,0,0,1,UPI,1
TXN00010,1886.65,11,1,0,0,0,UPI,0
TXN00011,689.92,23,0,0,0,0,Bank Transfer,0
TXN00012,688.33,9,0,0,0,1,UPI,0
TXN00013,1396.83,22,1,0,0,0,Bank Transfer,0
TXN00014,161.86,20,0,0,0,0,UPI,0
TXN00015,195.41,19,0,0,0,0,UPI,0
TXN00016,624.98,23,0,0,0,0,Card,0
TXN00017,398.29,12,0,0,0,0,Card,0
TXN00018,1501.54,22,0,0,1,0,UPI,0
TXN00019,442.29,13,0,0,0,0,UPI,0
TXN00020,267.12,22,0,1,1,0,UPI,0
TXN00021,4748.81,4,0,0,0,0,ATM,0
TXN00022,875.0,3,0,0,0,0,Card,0
TXN00023,1173.24,13,0,0,0,0,UPI,0
TXN00024,263.82,9,0,1,0,0,Bank Transfer,0
TXN00025,636.27,16,0,0,0,0,UPI,0
TXN00026,1225.28,9,0,0,0,0,UPI,0
TXN00027,346.89,6,0,0,0,0,UPI,0
TXN00028,1596.71,15,1,0,0,1,Card,0
TXN00029,601.46,0,0,0,1,0,UPI,0
TXN00030,819.18,16,0,0,1,0,Card,0
TXN00031,600.82,20,0,0,0,0,Bank Transfer,0
TXN00032,6990.3,8,0,0,0,0,UPI,0
TXN00033,1081.93,5,0,1,1,0,UPI,0
TXN00034,380.81,18,0,0,0,0,UPI,0
TXN00035,2496.25,12,0,0,0,0,Card,0
TXN00036,323.49,2,0,0,1,0,Bank Transfer,0
TXN00037,1351.36,6,1,0,0,0,UPI,0
TXN00038,154.52,21,0,0,0,0,UPI,0
TXN00039,290.56,8,0,0,0,0,UPI,0
TXN00040,1335.23,21,0,0,0,0,UPI,0
TXN00041,2294.95,4,0,0,1,0,Card,0
TXN00042,1301.62,9,0,0,0,0,UPI,0
TXN00043,976.87,22,0,0,1,0,UPI,0
TXN00044,811.51,16,0,0,1,0,Card,0
TXN00045,250.0,11,0,0,0,0,UPI,0
TXN00046,533.87,22,0,0,0,0,Card,0
TXN00047,691.84,15,0,0,0,0,UPI,0
TXN00048,3156.19,2,0,0,0,0,ATM,0
TXN00049,1546.3,21,0,0,0,0,UPI,0
TXN00050,188.1,8,1,0,0,0,ATM,0
TXN00051,1516.38,14,0,0,0,0,UPI,0
TXN00052,746.14,4,0,0,0,0,Bank Transfer,0
TXN00053,557.29,22,0,1,0,0,UPI,0
TXN00054,2021.66,12,0,0,1,0,Card,0
TXN00055,3074.81,13,1,0,0,0,UPI,1
TXN00056,2782.99,19,0,0,1,0,Card,0
TXN00057,473.8,14,0,0,0,0,Card,0
TXN00058,804.96,15,0,0,0,0,Card,0
TXN00059,1527.31,22,0,0,0,1,Card,0
TXN00060,2908.94,12,0,0,0,0,UPI,0
TXN00061,679.14,16,0,0,0,0,UPI,0
TXN00062,910.82,22,0,0,0,0,Card,0
TXN00063,362.73,7,0,0,0,0,UPI,0
TXN00064,331.55,20,0,0,0,0,UPI,0
TXN00065,2471.36,1,1,0,0,0,UPI,0
TXN00066,4256.66,4,0,1,0,0,UPI,0
TXN00067,1020.44,5,0,0,0,0,Card,0
TXN00068,2991.51,11,0,0,0,0,Card,0
TXN00069,1574.41,17,0,0,1,0,Bank Transfer,0
TXN00070,575.29,21,0,0,1,0,UPI,0
TXN00071,1574.03,21,1,1,1,0,ATM,1
TXN00072,5105.31,0,0,1,0,0,Card,0
TXN00073,1058.04,16,1,0,0,0,Bank Transfer,0
TXN00074,5242.97,10,0,1,0,0,Bank Transfer,0
TXN00075,79.86,9,0,0,0,1,Card,0
TXN00076,2494.65,18,0,0,1,0,UPI,0
TXN00077,1196.37,13,0,1,0,0,UPI,0
TXN00078,813.21,9,0,0,0,0,UPI,0
TXN00079,1202.02,14,0,0,0,0,ATM,0
TXN00080,150.27,18,1,0,1,0,ATM,0
TXN00081,880.36,3,1,1,0,0,Card,0
TXN00082,1567.3,1,0,0,0,0,Bank Transfer,0
TXN00083,4807.32,8,0,1,0,0,Bank Transfer,0
TXN00084,653.1,9,0,0,0,0,Card,0
TXN00085,488.58,10,0,0,1,0,Card,0
TXN00086,663.97,13,0,1,0,0,UPI,0
TXN00087,2739.15,6,0,0,0,0,UPI,0
TXN00088,1523.48,22,0,1,1,0,UPI,0
TXN00089,645.64,14,0,0,0,0,Card,0
TXN00090,1832.19,21,0,0,0,0,Card,0
TXN00091,1208.43,18,0,0,0,0,Card,0
TXN00092,2888.94,21,0,0,0,0,Bank Transfer,0
TXN00093,543.45,14,0,0,0,0,UPI,0
TXN00094,790.24,23,0,1,0,0,UPI,0
TXN00095,740.92,7,0,1,1,0,Bank Transfer,1
TXN00096,253.78,10,0,0,0,0,Card,0
TXN00097,1474.57,8,0,1,1,1,UPI,1
TXN00098,1423.76,14,0,1,0,0,Card,0
TXN00099,1102.26,0,0,0,0,0,UPI,0
TXN00100,867.32,0,0,0,1,0,ATM,0
TXN00101,266.3,18,0,1,0,0,Card,0
TXN00102,720.07,2,0,0,0,0,UPI,0
TXN00103,778.43,9,0,1,0,0,Card,0
TXN00104,491.63,7,0,1,0,0,Bank Transfer,1
TXN00105,933.29,14,0,1,0,0,Card,0
TXN00106,1642.63,9,0,0,0,0,Bank Transfer,1
TXN00107,7231.39,0,0,0,0,0,UPI,0
TXN00108,1305.81,17,0,0,0,0,Bank Transfer,0
TXN00109,1418.78,1,1,0,1,0,Bank Transfer,0
TXN00110,1017.96,18,0,0,1,0,Card,0
TXN00111,160.97,12,0,0,0,0,UPI,0
TXN00112,1067.94,21,0,0,1,0,Bank Transfer,0
TXN00113,1164.71,0,0,1,0,0,Card,0
TXN00114,12877.57,1,0,0,0,0,Bank Transfer,0
TXN00115,904.73,15,0,0,0,0,UPI,0
TXN00116,1482.59,14,0,0,0,0,UPI,0
TXN00117,1059.22,12,0,0,0,0,UPI,0
TXN00118,340.81,15,0,0,0,0,Card,0
TXN00119,3438.61,16,0,0,0,0,Card,0
TXN00120,2326.06,20,0,0,0,0,Card,0
TXN00121,2418.81,6,0,0,1,0,Card,0
TXN00122,441.69,23,0,0,0,0,Bank Transfer,1
TXN00123,4459.51,16,1,1,0,0,UPI,0
TXN00124,269.93,6,1,1,0,0,UPI,0
TXN00125,1972.11,12,0,1,0,0,Bank Transfer,0
TXN00126,9803.12,4,0,1,0,0,Card,0
TXN00127,407.26,16,1,1,0,0,Card,0
TXN00128,622.47,2,0,1,0,0,Card,0
TXN00129,1211.54,6,0,0,1,0,Card,0
TXN00130,662.83,16,1,0,0,0,UPI,0
TXN00131,232.6,6,0,0,1,0,Card,0
TXN00132,1174.46,20,0,0,1,0,ATM,0
TXN00133,379.06,0,0,0,0,0,Card,0
TXN00134,1760.92,16,0,0,0,0,UPI,0
TXN00135,437.28,16,1,1,0,0,Bank Transfer,0
TXN00136,5166.42,10,0,1,0,0,UPI,0
TXN00137,501.07,2,0,0,0,0,UPI,0
TXN00138,794.68,14,0,0,0,0,Bank Transfer,0
TXN00139,2473.82,20,0,1,0,0,UPI,0
TXN00140,320.26,10,0,0,1,0,ATM,0
TXN00141,1376.72,15,0,1,0,0,Card,0
TXN00142,4052.72,21,1,0,1,1,Bank Transfer,0
TXN00143,219.76,8,0,0,0,0,Card,0
TXN00144,1319.01,23,0,0,1,0,UPI,0
TXN00145,1422.09,23,0,1,0,0,Card,0
TXN00146,2396.64,0,0,0,0,0,ATM,0
TXN00147,318.32,21,1,0,0,0,Bank Transfer,0
TXN00148,292.82,15,0,0,0,0,Card,0
TXN00149,1848.15,8,0,0,0,0,ATM,0
TXN00150,1475.84,18,0,1,0,0,UPI,0
TXN00151,1408.8,11,0,0,0,0,UPI,0
TXN00152,1550.68,18,0,0,0,1,UPI,0
TXN00153,555.56,21,0,0,0,0,Card,0
TXN00154,1383.34,8,0,0,0,0,Bank Transfer,0
TXN00155,1470.08,6,1,0,0,0,Card,0
TXN00156,536.81,13,0,1,1,0,Bank Transfer,0
TXN00157,7085.28,18,1,0,0,0,Card,0
TXN00158,1761.34,18,0,0,0,0,UPI,0
TXN00159,333.18,1,0,0,1,0,UPI,0
TXN00160,2114.46,8,0,1,0,0,ATM,0
TXN00161,413.77,12,0,1,0,0,UPI,0
TXN00162,2409.28,14,0,1,0,0,Card,0
TXN00163,3493.28,2,0,0,0,0,UPI,0
TXN00164,482.66,10,0,0,0,1,UPI,0
TXN00165,2873.76,20,1,1,0,0,Card,1
TXN00166,1657.03,13,0,0,0,0,UPI,0
TXN00167,2495.04,7,0,0,0,0,Bank Transfer,0
TXN00168,7308.5,17,0,0,0,1,UPI,0
TXN00169,858.01,18,0,1,1,0,Card,0
TXN00170,516.08,15,0,0,0,0,Card,0
TXN00171,450.56,1,0,0,1,0,Card,0
TXN00172,485.02,7,0,0,1,0,Bank Transfer,0
TXN00173,1015.26,21,0,0,0,0,UPI,0
TXN00174,1542.49,5,1,0,0,0,UPI,0
TXN00175,1446.19,11,0,1,0,0,UPI,1
TXN00176,2507.86,14,0,1,1,0,Bank Transfer,0
TXN00177,1110.98,7,0,0,0,0,ATM,0
TXN00178,4691.62,3,0,1,1,0,UPI,0
TXN00179,841.63,14,0,0,0,0,Card,0
TXN00180,16650.06,19,0,0,0,0,UPI,0
TXN00181,2050.15,16,0,0,0,0,UPI,0
TXN00182,465.37,12,0,1,0,0,Card,0
TXN00183,375.82,17,0,0,0,0,UPI,0
TXN00184,1776.63,1,0,0,0,0,Card,0
TXN00185,877.03,12,0,1,0,0,Card,0
TXN00186,2239.48,12,0,0,0,0,Bank Transfer,0
TXN00187,1760.3,21,0,0,1,0,Card,0
TXN00188,1019.61,14,0,0,1,0,Card,0
TXN00189,470.22,19,0,0,0,0,Card,0
TXN00190,241.09,9,0,1,0,0,UPI,0
TXN00191,701.69,2,0,0,0,1,Bank Transfer,0
TXN00192,2582.2,18,0,0,0,0,UPI,0
TXN00193,1358.44,2,1,0,0,0,UPI,0
TXN00194,315.53,21,0,0,0,0,Card,0
TXN00195,1303.99,13,0,0,1,0,Bank Transfer,0
TXN00196,1612.14,7,0,0,1,0,UPI,0
TXN00197,453.11,22,0,1,0,0,UPI,0
TXN00198,1278.86,3,1,0,0,0,UPI,0
TXN00199,1162.36,19,0,0,0,0,UPI,0
TXN00200,349.68,10,0,0,0,0,Card,0
TXN00201,1568.36,10,0,0,0,0,UPI,0
TXN00202,1921.35,10,1,0,0,0,Bank Transfer,0
TXN00203,3239.1,1,1,0,0,0,Bank Transfer,1
TXN00204,3145.73,16,0,1,1,0,Card,0
TXN00205,276.53,8,1,0,0,0,Card,0
TXN00206,429.31,1,0,0,1,0,UPI,0
TXN00207,1835.43,23,0,0,1,0,UPI,0
TXN00208,1833.14,14,0,1,1,0,Card,0
TXN00209,1835.46,15,0,0,0,0,UPI,0
TXN00210,51675.11,3,0,0,0,0,Card,0
TXN00211,1940.87,7,0,0,0,0,UPI,0
TXN00212,3413.75,8,0,0,0,0,UPI,0
TXN00213,2846.94,4,0,0,0,0,UPI,0
TXN00214,2103.57,15,0,1,0,0,UPI,0
TXN00215,800.1,12,0,0,0,0,Bank Transfer,0
TXN00216,2342.49,6,0,0,0,0,UPI,0
TXN00217,506.32,19,0,0,1,0,Bank Transfer,0
TXN00218,865.39,16,0,0,0,0,Card,0
TXN00219,674.95,2,0,0,0,0,Bank Transfer,0
TXN00220,1190.2,4,1,0,0,0,Card,0
TXN00221,11099.54,18,0,0,0,0,ATM,0
TXN00222,169.48,11,0,0,0,0,UPI,0
TXN00223,2178.21,6,1,0,0,0,Card,0
TXN00224,218.61,8,0,0,0,0,UPI,0
TXN00225,684.08,5,1,1,0,0,Card,1
TXN00226,3258.27,16,0,0,0,0,Card,0
TXN00227,1169.44,15,0,0,0,0,Card,0
TXN00228,373.25,22,0,1,0,0,UPI,0
TXN00229,536.3,2,0,0,0,0,UPI,0
TXN00230,2163.75,20,0,1,0,0,Card,0
TXN00231,528.28,3,0,1,1,0,Card,0
TXN00232,1361.66,9,0,1,1,0,UPI,0
TXN00233,1147.76,4,1,1,0,0,ATM,0
TXN00234,571.58,20,0,0,0,0,ATM,0
TXN00235,9357.6,21,0,0,0,0,Bank Transfer,0
TXN00236,2067.14,9,0,0,0,0,Bank Transfer,0
TXN00237,144.73,11,0,0,0,0,UPI,0
TXN00238,1321.41,9,1,0,0,0,ATM,0
TXN00239,565.78,12,0,1,0,0,UPI,0
TXN00240,2571.99,10,0,0,0,0,UPI,0
TXN00241,496.45,21,0,1,0,0,Bank Transfer,0
TXN00242,977.76,15,0,1,0,0,UPI,0
TXN00243,1817.08,7,1,1,0,0,Card,0
TXN00244,2606.48,7,0,0,0,0,UPI,0
TXN00245,330.2,7,0,1,0,1,Card,1
TXN00246,784.85,12,1,1,0,0,Card,0
TXN00247,682.02,1,1,0,0,0,Card,0
TXN00248,570.59,11,0,0,0,0,UPI,0
TXN00249,6408.97,9,0,1,0,0,Card,0
TXN00250,1644.15,11,0,1,0,0,Card,0
TXN00251,310.79,10,0,0,0,0,UPI,0
TXN00252,2745.89,14,1,0,0,1,ATM,0
TXN00253,9155.92,15,0,0,0,0,UPI,0
TXN00254,3079.32,16,0,0,0,0,Bank Transfer,0
TXN00255,240.0,1,0,1,1,0,UPI,0
TXN00256,675.71,17,0,1,1,0,UPI,0
TXN00257,3892.91,11,0,0,0,0,UPI,0
TXN00258,540.41,18,0,0,1,0,UPI,0
TXN00259,1709.27,22,0,0,0,0,UPI,0
TXN00260,2379.47,17,0,0,0,0,Card,0
TXN00261,434.01,16,0,0,0,0,UPI,0
TXN00262,1033.26,5,0,0,1,0,UPI,0
TXN00263,50.0,14,0,0,0,0,Card,0
TXN00264,393.71,2,0,0,1,0,ATM,1
TXN00265,851.87,5,0,0,0,0,UPI,0
TXN00266,314.89,2,0,0,0,0,Card,0
TXN00267,5610.59,0,0,0,0,0,Bank Transfer,0
TXN00268,262.4,12,0,0,0,0,Card,0
TXN00269,706.24,20,0,0,0,0,Bank Transfer,0
TXN00270,1249.8,13,1,1,0,0,ATM,0
TXN00271,4634.45,12,0,1,0,0,UPI,0
TXN00272,260.9,3,0,1,0,0,Card,0
TXN00273,3509.27,6,1,1,0,0,Card,0
TXN00274,1107.91,21,0,0,1,0,UPI,0
TXN00275,410.96,9,0,0,0,0,UPI,0
TXN00276,1740.81,6,0,0,0,0,ATM,0
TXN00277,1338.17,20,1,1,0,0,Bank Transfer,0
TXN00278,601.71,14,0,1,0,1,UPI,0
TXN00279,1175.92,14,0,0,1,0,UPI,0
TXN00280,745.97,3,0,0,1,0,ATM,0
TXN00281,1228.46,22,0,0,0,0,UPI,0
TXN00282,2126.28,22,0,0,0,0,Card,0
TXN00283,5356.24,5,0,0,1,0,UPI,0
TXN00284,318.04,23,0,0,1,0,UPI,0
TXN00285,9256.06,19,0,0,1,0,UPI,0
TXN00286,155.7,4,0,0,1,0,UPI,0
TXN00287,942.2,19,0,0,0,0,UPI,0
TXN00288,1974.99,11,1,0,0,0,Card,0
TXN00289,1452.43,0,0,1,0,0,Card,0
TXN00290,588.34,7,0,0,0,0,UPI,0
TXN00291,890.58,0,0,1,0,1,Bank Transfer,1
TXN00292,669.81,4,0,1,0,0,Card,0
TXN00293,608.28,21,0,0,0,0,Card,1
TXN00294,2564.71,5,0,0,0,0,UPI,0
TXN00295,1567.15,20,0,0,0,0,Card,0
TXN00296,548.45,2,0,0,0,0,ATM,0
TXN00297,2696.2,14,0,1,0,0,Card,0
TXN00298,1491.14,4,1,0,1,0,UPI,1
TXN00299,2472.2,23,1,1,1,0,Card,0
TXN00300,2058.29,13,0,0,0,0,UPI,0
TXN00301,478.67,17,0,0,0,0,UPI,0
TXN00302,626.29,15,0,0,0,1,Card,0
TXN00303,2315.3,5,1,0,0,0,Bank Transfer,0
TXN00304,2019.03,23,0,0,0,0,UPI,0
TXN00305,1073.95,13,1,1,0,0,Bank Transfer,0
TXN00306,1233.15,23,0,0,1,0,UPI,0
TXN00307,3935.0,7,1,0,0,0,UPI,0
TXN00308,606.94,6,1,0,0,0,ATM,0
TXN00309,1895.23,7,0,0,0,0,Card,0
TXN00310,895.88,12,0,1,0,0,Bank Transfer,0
TXN00311,882.11,5,0,1,0,0,Bank Transfer,1
TXN00312,3290.44,17,0,0,1,0,ATM,0
TXN00313,2503.43,1,0,1,0,0,UPI,0
TXN00314,2473.8,7,0,0,0,0,UPI,0
TXN00315,4045.98,10,0,0,0,0,Bank Transfer,0
TXN00316,1119.91,0,0,0,0,0,Card,0
TXN00317,2168.85,21,0,1,0,0,Card,1
TXN00318,804.11,5,0,0,0,0,UPI,0
TXN00319,1516.51,15,0,0,0,0,UPI,0
TXN00320,962.81,19,1,0,0,0,Card,0
TXN00321,1208.33,11,0,0,1,0,UPI,0
TXN00322,1988.54,10,0,0,0,0,UPI,0
TXN00323,483.85,9,0,0,0,0,UPI,0
TXN00324,8887.38,2,0,0,0,0,UPI,0
TXN00325,401.01,12,0,0,0,0,Bank Transfer,0
TXN00326,325.65,2,0,0,0,0,Card,0
TXN00327,3491.58,14,0,0,0,0,UPI,0
TXN00328,2420.34,15,0,0,0,0,UPI,0
TXN00329,2046.98,12,0,0,0,1,Card,0
TXN00330,2055.65,16,1,1,0,0,UPI,0
TXN00331,1083.28,2,1,0,0,0,Bank Transfer,0
TXN00332,447.08,19,0,0,0,0,Bank Transfer,0
TXN00333,1182.99,10,0,0,0,0,Bank Transfer,1
TXN00334,557.15,20,0,1,1,0,Card,1
TXN00335,2907.71,18,0,1,0,0,UPI,0
TXN00336,946.66,21,0,0,0,0,Card,0
TXN00337,480.34,10,0,0,0,0,UPI,0
TXN00338,795.22,15,1,0,0,0,UPI,0
TXN00339,1657.28,20,1,0,0,0,UPI,0
TXN00340,624.08,2,0,0,1,0,UPI,0
TXN00341,481.92,21,0,0,0,0,UPI,0
TXN00342,1399.24,5,0,1,1,0,UPI,0
TXN00343,1401.04,13,0,0,0,0,Card,0
TXN00344,660.54,23,0,0,0,0,ATM,0
TXN00345,684.69,17,0,0,0,0,UPI,0
TXN00346,1383.05,16,1,0,0,0,Card,0
TXN00347,257.73,3,0,0,0,0,UPI,0
TXN00348,268.42,22,0,0,1,0,ATM,1
TXN00349,534.62,14,0,0,0,0,UPI,0
TXN00350,885.85,10,0,0,1,0,Bank Transfer,0
TXN00351,1496.53,2,0,0,1,0,UPI,0
TXN00352,4795.13,2,0,0,1,0,Bank Transfer,0
TXN00353,2585.46,15,0,0,0,0,UPI,0
TXN00354,934.55,4,0,0,0,0,UPI,0
TXN00355,1075.98,20,0,0,0,0,UPI,0
TXN00356,402.41,9,1,0,0,0,UPI,0
TXN00357,1076.52,18,0,0,0,0,Bank Transfer,0
TXN00358,821.67,3,0,0,0,0,Card,0
TXN00359,1514.32,18,0,0,0,0,UPI,0
TXN00360,479.51,10,0,0,1,0,ATM,0
TXN00361,1843.36,1,0,0,1,0,Card,0
TXN00362,5078.34,9,1,1,0,0,ATM,0
TXN00363,983.62,10,1,0,0,0,UPI,0
TXN00364,1638.79,19,0,0,0,0,Bank Transfer,0
TXN00365,2186.69,15,0,0,0,0,UPI,0
TXN00366,734.2,18,0,0,0,0,Card,0
TXN00367,1372.09,22,0,1,0,0,Card,0
TXN00368,1110.53,23,0,0,0,0,Card,0
TXN00369,1209.15,10,0,1,0,0,Card,0
TXN00370,506.23,13,0,0,0,0,UPI,0
TXN00371,1123.84,1,0,0,0,1,ATM,0
TXN00372,1804.43,22,0,1,1,1,ATM,1
TXN00373,4680.42,4,1,0,0,0,ATM,0
TXN00374,2861.99,4,0,0,0,0,ATM,0
TXN00375,9444.45,18,0,0,0,1,Bank Transfer,0
TXN00376,509.1,20,0,0,0,0,ATM,0
TXN00377,2623.65,11,0,0,0,0,Bank Transfer,0
TXN00378,1317.3,17,0,0,0,0,UPI,0
TXN00379,9796.72,3,0,0,0,0,Bank Transfer,0
TXN00380,488.68,21,1,1,0,0,Bank Transfer,0
TXN00381,473.56,16,0,1,0,0,Card,0
TXN00382,602.21,9,0,0,0,0,Card,0
TXN00383,131.12,19,0,0,0,0,UPI,0
TXN00384,648.23,5,0,0,0,0,Bank Transfer,0
TXN00385,513.3,13,0,0,0,0,ATM,0
TXN00386,1274.61,10,1,1,1,0,UPI,0
TXN00387,1543.42,10,0,0,1,0,UPI,0
TXN00388,7159.32,17,0,0,0,0,UPI,1
TXN00389,2836.78,22,0,1,1,0,Card,0
TXN00390,615.91,21,0,1,0,0,UPI,0
TXN00391,446.57,17,1,0,1,0,Card,0
TXN00392,1793.49,23,1,0,0,0,ATM,0
TXN00393,292.88,22,0,0,0,0,Card,0
TXN00394,6846.27,10,0,1,1,0,UPI,0
TXN00395,3566.86,20,0,0,0,0,ATM,0
TXN00396,685.96,11,0,0,0,0,Card,0
TXN00397,197.72,4,1,0,0,0,UPI,0
TXN00398,4246.59,22,0,0,0,0,Card,0
TXN00399,977.95,8,0,0,0,0,Card,0
TXN00400,3781.27,8,0,1,0,0,Bank Transfer,0
TXN00401,222.64,21,1,1,1,0,ATM,0
TXN00402,602.22,9,0,1,0,0,UPI,0
TXN00403,1102.4,21,0,0,1,1,UPI,0
TXN00404,1149.38,18,0,1,1,0,UPI,1
TXN00405,699.2,0,1,1,0,0,Card,0
TXN00406,2044.38,6,0,0,0,0,Bank Transfer,0
TXN00407,377.05,3,0,0,1,0,UPI,0
TXN00408,951.1,0,0,0,0,0,UPI,0
TXN00409,1236.82,14,0,1,0,0,ATM,0
TXN00410,1834.34,7,0,0,0,0,Bank Transfer,0
TXN00411,2234.15,11,1,1,0,0,UPI,0
TXN00412,356.15,21,0,0,0,0,Bank Transfer,0
TXN00413,236.49,21,0,0,0,0,Card,0
TXN00414,3935.04,17,0,0,0,0,UPI,0
TXN00415,1528.92,14,0,0,0,0,UPI,0
TXN00416,518.8,16,1,0,1,0,UPI,0
TXN00417,5172.71,13,0,1,0,0,UPI,0
TXN00418,1231.11,13,0,0,1,0,Card,0
TXN00419,3566.35,17,0,0,0,0,UPI,0
TXN00420,1173.23,19,0,0,0,0,UPI,1
TXN00421,8610.59,17,0,0,0,0,Card,0
TXN00422,6344.48,15,0,0,1,0,UPI,0
TXN00423,854.94,0,0,0,0,0,Card,0
TXN00424,2897.41,22,0,1,0,0,UPI,0
TXN00425,2090.95,10,0,0,1,0,Card,0
TXN00426,4309.73,14,0,0,0,0,ATM,0
TXN00427,417.83,11,1,0,0,0,UPI,0
TXN00428,2177.76,7,0,0,0,1,Card,0
TXN00429,3160.31,21,0,1,1,0,UPI,0
TXN00430,188.91,19,0,0,0,0,Bank Transfer,1
TXN00431,335.88,5,0,1,0,0,Bank Transfer,0
TXN00432,142.7,2,0,0,1,0,UPI,0
TXN00433,837.64,23,0,0,0,0,Card,0
TXN00434,2247.43,12,0,1,0,0,UPI,0
TXN00435,4926.37,12,1,0,0,0,ATM,0
TXN00436,1180.97,1,0,0,0,0,UPI,0
TXN00437,5589.33,4,0,0,0,0,Bank Transfer,0
TXN00438,275.86,16,0,1,1,0,UPI,0
TXN00439,199.66,5,0,0,0,0,Card,0
TXN00440,1037.38,1,0,0,0,0,ATM,0
TXN00441,1610.12,3,0,0,0,0,Bank Transfer,0
TXN00442,1061.36,21,0,0,0,0,UPI,0
TXN00443,138.73,10,1,1,0,0,Card,0
TXN00444,1003.13,7,0,0,0,0,UPI,0
TXN00445,297.53,11,0,0,0,0,Card,0
TXN00446,2142.38,7,1,1,0,0,UPI,0
TXN00447,1582.24,10,0,0,0,0,UPI,0
TXN00448,428.43,21,0,0,0,0,Card,0
TXN00449,655.98,19,1,0,1,0,UPI,0
TXN00450,380.23,7,0,0,0,0,Card,0
TXN00451,1030.01,7,1,0,0,0,UPI,0
TXN00452,2850.19,16,0,0,1,1,UPI,0
TXN00453,409.23,19,0,0,0,0,Card,0
TXN00454,1815.37,19,1,0,0,1,UPI,0
TXN00455,645.32,22,0,0,0,0,UPI,0
TXN00456,496.27,15,0,0,0,0,UPI,0
TXN00457,985.32,13,0,0,0,0,Card,0
TXN00458,389.46,10,1,1,1,0,Card,0
TXN00459,630.4,6,1,0,0,0,UPI,0
TXN00460,331.0,15,0,0,0,0,UPI,0
TXN00461,7822.23,12,0,0,0,0,Bank Transfer,0
TXN00462,1135.99,14,1,1,1,1,ATM,0
TXN00463,544.72,23,0,1,0,0,UPI,0
TXN00464,1358.29,15,0,0,1,0,Card,0
TXN00465,980.12,20,0,0,0,0,UPI,0
TXN00466,879.22,22,0,0,0,0,UPI,0
TXN00467,2026.71,23,0,0,0,0,UPI,0
TXN00468,2339.07,8,0,0,0,1,Card,0
TXN00469,645.16,2,0,1,0,0,UPI,0
TXN00470,616.58,18,1,0,0,0,Bank Transfer,0
TXN00471,832.93,19,0,0,0,0,Card,0
TXN00472,109.74,4,0,0,0,0,UPI,0
TXN00473,241.0,9,0,0,1,0,Bank Transfer,0
TXN00474,4302.17,16,0,1,1,0,UPI,0
TXN00475,5681.48,14,0,1,0,1,Card,0
TXN00476,854.88,22,0,0,0,0,UPI,0
TXN00477,1951.9,7,0,0,0,0,UPI,0
TXN00478,1497.05,14,1,0,0,0,UPI,0
TXN00479,23834.3,20,0,0,1,0,UPI,0
TXN00480,3359.59,13,0,0,0,1,UPI,1
TXN00481,964.96,19,0,0,1,0,UPI,0
TXN00482,421.77,6,1,1,1,0,ATM,0
TXN00483,219.98,20,0,0,1,1,UPI,0
TXN00484,1344.08,22,0,1,0,0,UPI,0
TXN00485,514.73,11,0,0,0,0,ATM,0
TXN00486,264.47,16,0,1,0,0,Card,0
TXN00487,574.46,16,0,0,0,0,Card,0
TXN00488,371.84,9,0,0,0,0,UPI,0
TXN00489,5926.22,18,1,0,0,0,Card,0
TXN00490,2648.21,13,1,1,0,0,UPI,0
TXN00491,1087.92,10,0,0,0,0,Card,0
TXN00492,4817.18,1,1,0,0,0,ATM,0
TXN00493,1184.85,17,0,0,0,0,Card,0
TXN00494,463.46,6,0,0,0,0,UPI,0
TXN00495,5029.74,11,0,0,0,0,Card,0
TXN00496,1879.78,1,0,1,0,0,Card,0
TXN00497,388.68,19,1,0,0,0,Card,0
TXN00498,906.56,17,0,0,0,1,Card,0
TXN00499,456.86,5,0,0,0,1,Card,1
TXN00500,275.12,23,0,0,0,0,Card,1
TXN00501,2768.82,9,0,0,0,0,ATM,0
TXN00502,7401.34,19,0,0,0,0,Bank Transfer,0
TXN00503,270.81,14,0,0,0,0,UPI,0
TXN00504,1925.55,4,0,0,0,0,Card,0
TXN00505,572.12,19,1,1,0,0,UPI,0
TXN00506,673.76,2,0,0,1,0,Bank Transfer,0
TXN00507,606.44,4,0,0,0,0,UPI,0
TXN00508,462.21,7,1,0,1,0,Card,0
TXN00509,1151.16,7,0,0,0,0,Bank Transfer,0
TXN00510,477.73,7,0,0,0,0,UPI,0
TXN00511,1437.21,11,0,0,0,1,Bank Transfer,0
TXN00512,1042.9,23,0,1,0,0,Card,0
TXN00513,863.55,22,0,0,0,0,UPI,0
TXN00514,442.5,7,0,0,0,0,Card,0
TXN00515,615.99,10,0,0,0,0,ATM,0
TXN00516,2334.12,13,0,0,0,0,UPI,0
TXN00517,1809.7,7,0,0,0,0,Card,0
TXN00518,412.59,23,0,0,1,0,Card,0
TXN00519,1211.16,9,0,0,0,0,ATM,0
TXN00520,2324.79,6,0,0,0,0,Card,0
TXN00521,206.56,16,0,0,0,1,Card,0
TXN00522,1888.16,3,0,0,0,0,Bank Transfer,0
TXN00523,565.31,12,0,0,1,0,Bank Transfer,0
TXN00524,1940.3,3,1,0,0,0,Card,1
TXN00525,511.19,4,0,1,0,0,UPI,0
TXN00526,180.39,21,0,0,0,0,UPI,0
TXN00527,215.39,3,0,0,0,0,Card,0
TXN00528,1150.65,17,1,1,0,0,Card,0
TXN00529,1421.86,5,0,0,1,0,UPI,0
TXN00530,443.94,23,0,0,0,0,UPI,0
TXN00531,2076.82,23,1,0,1,0,Card,1
TXN00532,208.2,22,0,0,1,0,UPI,0
TXN00533,1026.51,21,0,1,0,0,UPI,0
TXN00534,326.68,1,0,1,0,0,UPI,0
TXN00535,571.44,22,0,0,0,0,Bank Transfer,0
TXN00536,1149.86,10,0,0,0,0,Card,0
TXN00537,463.86,13,0,0,0,0,UPI,0
TXN00538,746.54,4,0,0,1,0,UPI,0
TXN00539,2999.78,5,0,1,0,0,Card,0
TXN00540,615.91,9,0,0,0,0,Bank Transfer,0
TXN00541,2529.29,7,0,0,0,0,Card,0
TXN00542,354.35,13,0,0,0,0,UPI,0
TXN00543,1862.74,23,1,0,1,0,Card,0
TXN00544,4635.82,2,0,0,0,0,Bank Transfer,0
TXN00545,92.61,11,1,1,0,0,UPI,1
TXN00546,494.28,15,0,0,0,0,Card,0
TXN00547,1952.9,22,0,1,1,0,UPI,0
TXN00548,895.12,16,0,0,0,0,UPI,0
TXN00549,1589.45,0,0,0,1,0,UPI,0
TXN00550,599.45,22,0,0,0,0,Card,0
TXN00551,1195.82,9,0,0,0,0,UPI,0
TXN00552,938.54,22,1,0,0,0,UPI,0
TXN00553,3525.52,9,0,0,0,0,UPI,0
TXN00554,1414.34,20,0,0,0,0,UPI,0
TXN00555,1537.02,23,0,0,0,0,UPI,0
TXN00556,726.42,1,1,0,0,1,UPI,1
TXN00557,673.44,8,0,0,0,0,UPI,0
TXN00558,711.55,21,0,0,0,0,Bank Transfer,0
TXN00559,1626.93,12,0,1,0,0,Card,0
TXN00560,719.83,15,0,0,0,0,Card,0
TXN00561,1465.24,17,0,0,0,0,UPI,0
TXN00562,8737.69,18,0,0,0,0,Card,0
TXN00563,2620.51,11,0,0,0,0,UPI,0
TXN00564,791.54,7,0,0,0,0,UPI,0
TXN00565,3645.37,16,0,0,1,0,Card,0
TXN00566,729.18,14,0,0,0,0,Bank Transfer,0
TXN00567,142.86,9,1,0,0,0,Card,0
TXN00568,400.18,14,0,0,1,0,UPI,0
TXN00569,168.88,14,0,0,1,0,Bank Transfer,0
TXN00570,771.62,22,0,1,0,0,UPI,0
TXN00571,1117.02,6,0,0,1,0,Bank Transfer,0
TXN00572,5863.12,12,1,0,0,0,UPI,0
TXN00573,1520.7,16,0,0,0,0,UPI,0
TXN00574,880.86,8,0,0,0,0,Card,0
TXN00575,2513.43,7,0,1,0,0,ATM,0
TXN00576,120.16,19,0,1,0,0,Bank Transfer,0
TXN00577,1387.99,20,0,0,1,0,Card,0
TXN00578,2370.52,17,0,0,1,0,Card,0
TXN00579,249.99,12,1,0,0,0,Card,0
TXN00580,3441.81,15,0,0,0,0,Card,0
TXN00581,1538.4,8,0,0,0,0,Bank Transfer,0
TXN00582,723.94,11,0,1,0,0,UPI,0
TXN00583,2064.79,11,0,1,0,0,UPI,0
TXN00584,10622.11,5,0,1,0,0,ATM,0
TXN00585,1315.36,18,0,1,1,0,ATM,1
TXN00586,1405.6,6,1,0,0,0,UPI,0
TXN00587,692.73,2,0,0,0,0,UPI,1
TXN00588,468.79,15,0,0,0,0,ATM,0
TXN00589,2515.77,17,0,0,0,0,Card,0
TXN00590,465.87,15,0,0,1,0,Card,0
TXN00591,1177.99,22,0,1,0,0,UPI,0
TXN00592,680.17,6,0,1,0,0,Bank Transfer,0
TXN00593,1770.43,3,0,1,0,0,UPI,0
TXN00594,1530.98,7,0,1,0,0,UPI,0
TXN00595,3094.99,12,1,1,0,0,UPI,0
TXN00596,658.51,12,1,0,0,0,Bank Transfer,0
TXN00597,837.25,16,0,0,0,0,Card,0
TXN00598,412.09,16,0,0,0,1,Bank Transfer,0
TXN00599,703.25,4,0,0,0,0,UPI,0
TXN00600,1599.27,5,0,1,0,0,Bank Transfer,0
TXN00601,2337.85,18,0,1,0,0,Bank Transfer,0
TXN00602,436.08,12,0,0,0,0,Bank Transfer,0
TXN00603,2616.53,13,0,0,1,0,ATM,0
TXN00604,4254.1,21,0,0,0,0,UPI,0
TXN00605,1658.11,3,0,0,0,1,Card,1
TXN00606,7163.8,6,0,1,0,0,Bank Transfer,0
TXN00607,505.84,7,0,0,0,1,Bank Transfer,0
TXN00608,315.87,12,0,0,0,0,Card,0
TXN00609,185.17,5,0,0,1,0,UPI,0
TXN00610,4895.37,5,0,0,0,0,Card,0
TXN00611,2109.84,23,1,0,0,0,Card,0
TXN00612,1037.34,20,0,1,0,0,UPI,0
TXN00613,1450.94,2,0,0,1,0,Bank Transfer,0
TXN00614,355.85,2,0,0,0,0,UPI,0
TXN00615,12654.3,12,1,0,0,0,UPI,0
TXN00616,1247.9,21,0,0,1,0,Card,0
TXN00617,1223.41,1,0,1,0,0,Card,0
TXN00618,2265.99,15,1,0,0,0,UPI,0
TXN00619,1774.03,21,0,0,0,0,UPI,0
TXN00620,1371.81,5,1,0,0,0,UPI,0
TXN00621,497.47,7,1,0,0,0,UPI,0
TXN00622,1757.18,22,1,0,0,0,UPI,0
TXN00623,7201.36,7,0,0,0,0,UPI,0
TXN00624,4210.85,5,0,1,1,0,UPI,0
TXN00625,5394.78,13,0,0,1,0,Card,0
TXN00626,657.72,2,0,0,0,0,Bank Transfer,0
TXN00627,407.64,9,0,0,0,0,Card,0
TXN00628,967.01,2,0,0,0,0,Card,0
TXN00629,1159.48,11,0,1,0,0,UPI,0
TXN00630,3275.39,16,0,0,0,0,Bank Transfer,0
TXN00631,201.85,4,0,0,0,0,Card,0
TXN00632,5062.17,19,0,1,0,1,Card,0
TXN00633,936.35,8,0,0,0,0,UPI,0
TXN00634,715.6,20,0,0,0,0,UPI,0
TXN00635,398.57,19,0,0,0,1,Card,0
TXN00636,209.59,6,0,0,0,0,Card,0
TXN00637,2497.81,21,0,0,0,0,Bank Transfer,0
TXN00638,1180.06,3,0,0,0,0,UPI,0
TXN00639,301.88,12,0,0,0,0,UPI,0
TXN00640,300.34,12,0,1,0,0,Card,0
TXN00641,783.85,9,0,0,0,0,Bank Transfer,0
TXN00642,5819.8,17,1,0,0,0,UPI,0
TXN00643,845.91,16,0,0,0,0,Card,0
TXN00644,243.92,19,0,1,1,0,UPI,0
TXN00645,857.7,19,0,0,0,0,Card,0
TXN00646,834.87,12,0,0,0,1,Bank Transfer,0
TXN00647,73.93,16,0,0,0,0,Bank Transfer,0
TXN00648,1038.68,21,0,0,1,0,UPI,0
TXN00649,870.5,3,0,1,0,0,UPI,0
TXN00650,2199.99,0,0,0,0,0,Card,0
TXN00651,6967.11,0,0,0,0,0,UPI,0
TXN00652,3383.16,14,0,0,0,0,Card,0
TXN00653,838.08,12,0,0,0,0,Card,0
TXN00654,362.66,16,1,1,0,1,UPI,1
TXN00655,14376.64,23,0,0,1,0,Bank Transfer,0
TXN00656,1163.54,7,0,0,0,0,UPI,0
TXN00657,1112.02,17,0,0,1,0,ATM,0
TXN00658,1070.49,12,0,0,0,0,Bank Transfer,0
TXN00659,1336.87,22,0,0,1,0,Card,0
TXN00660,949.22,13,0,0,0,0,UPI,0
TXN00661,617.91,7,0,0,0,0,Bank Transfer,1
TXN00662,634.69,7,0,0,1,0,Bank Transfer,0
TXN00663,1061.3,14,1,0,1,0,UPI,1
TXN00664,636.88,12,0,0,0,0,UPI,0
TXN00665,537.62,6,1,0,0,0,UPI,0
TXN00666,1219.79,4,0,1,1,0,ATM,0
TXN00667,849.82,16,0,0,0,0,Bank Transfer,0
TXN00668,4934.43,15,0,0,0,0,ATM,0
TXN00669,77.4,22,0,0,1,0,Bank Transfer,0
TXN00670,3266.61,1,1,1,0,0,Card,0
TXN00671,3812.67,21,0,1,0,0,UPI,0
TXN00672,137.91,17,0,1,0,0,UPI,0
TXN00673,778.46,16,0,0,0,0,UPI,0
TXN00674,756.39,6,0,0,0,0,Card,0
TXN00675,268.4,12,0,1,1,0,Bank Transfer,0
TXN00676,503.8,17,0,0,0,0,ATM,0
TXN00677,361.2,13,0,0,1,0,UPI,0
TXN00678,6325.03,17,1,0,1,0,Card,0
TXN00679,2795.25,12,0,1,0,1,Card,0
TXN00680,3911.03,10,0,1,0,0,Card,1
TXN00681,2256.73,20,0,0,0,0,Card,1
TXN00682,354.59,20,0,0,0,0,UPI,0
TXN00683,649.03,15,0,1,0,0,ATM,0
TXN00684,1788.93,22,0,0,0,0,Card,0
TXN00685,323.07,16,0,0,0,0,Bank Transfer,0
TXN00686,2237.24,7,0,0,0,0,UPI,0
TXN00687,862.36,18,1,0,0,0,UPI,0
TXN00688,753.84,19,0,0,0,0,UPI,0
TXN00689,2232.68,14,0,0,0,0,Bank Transfer,0
TXN00690,1710.03,8,1,1,0,0,ATM,0
TXN00691,764.36,19,1,0,0,0,Card,0
TXN00692,3495.84,9,0,0,0,0,Bank Transfer,0
TXN00693,372.02,11,0,0,0,0,Card,0
TXN00694,2030.29,20,0,0,0,0,UPI,0
TXN00695,1984.46,22,1,0,0,0,Card,0
TXN00696,804.69,19,1,0,0,0,Bank Transfer,0
TXN00697,1519.49,0,0,1,0,0,UPI,0
TXN00698,313.84,19,0,0,0,0,UPI,0
TXN00699,2762.87,8,0,0,0,0,Card,0
TXN00700,911.51,21,0,0,1,0,UPI,0
TXN00701,650.2,14,0,1,0,1,ATM,1
TXN00702,3130.69,0,0,0,1,0,Card,0
TXN00703,542.21,11,1,0,0,0,UPI,0
TXN00704,268.15,2,0,0,0,0,UPI,0
TXN00705,231.22,10,0,1,0,0,ATM,0
TXN00706,2010.24,1,0,0,0,0,Card,0
TXN00707,304.77,15,0,0,0,0,Card,0
TXN00708,6341.02,8,0,0,0,0,UPI,0
TXN00709,136.74,14,0,0,0,0,Bank Transfer,0
TXN00710,5981.68,11,0,0,0,1,Card,0
TXN00711,1354.27,0,1,0,0,0,Card,0
TXN00712,995.54,12,0,0,0,0,ATM,0
TXN00713,635.93,13,0,0,0,1,UPI,0
TXN00714,1634.57,7,0,0,0,0,Card,0
TXN00715,1056.13,7,0,0,1,0,UPI,0
TXN00716,3305.36,11,0,1,0,0,Card,0
TXN00717,1229.33,0,0,1,0,0,UPI,0
TXN00718,1274.49,10,0,0,0,0,Bank Transfer,0
TXN00719,762.34,7,0,0,1,0,UPI,0
TXN00720,1035.93,9,0,0,0,0,Card,0
TXN00721,1491.89,18,0,1,0,0,Bank Transfer,0
TXN00722,198.31,10,1,0,0,0,ATM,0
TXN00723,284.81,6,1,0,0,0,Card,0
TXN00724,2305.99,10,0,0,0,0,Card,0
TXN00725,1300.97,16,0,1,0,0,UPI,0
TXN00726,912.34,0,1,0,1,0,UPI,0
TXN00727,1117.04,20,0,0,0,0,Card,0
TXN00728,1552.44,20,0,0,0,0,UPI,0
TXN00729,639.21,7,1,0,0,1,UPI,0
TXN00730,503.56,22,0,0,0,0,UPI,0
TXN00731,1333.88,23,1,0,0,0,Card,1
TXN00732,412.25,5,1,0,0,0,Card,1
TXN00733,1649.54,21,0,1,0,0,UPI,0
TXN00734,199.82,17,0,0,0,0,UPI,0
TXN00735,3069.15,5,0,0,0,1,Card,0
TXN00736,1759.17,4,0,0,0,0,Card,0
TXN00737,1416.62,12,0,0,0,0,Card,0
TXN00738,2929.8,18,0,1,0,0,Bank Transfer,0
TXN00739,5799.2,21,0,0,1,0,UPI,0
TXN00740,3024.1,7,0,0,0,0,UPI,0
TXN00741,174.01,8,0,1,0,0,UPI,0
TXN00742,305.03,16,0,1,1,0,Card,0
TXN00743,587.09,2,0,1,0,0,Card,0
TXN00744,1125.62,18,0,0,1,0,UPI,0
TXN00745,1840.25,10,1,0,0,0,Card,0
TXN00746,530.73,23,1,0,0,1,Card,0
TXN00747,1321.82,16,0,0,0,0,ATM,0
TXN00748,515.23,20,1,0,1,0,Card,0
TXN00749,594.95,18,0,1,0,0,Card,0
TXN00750,268.63,1,0,0,1,0,Card,0
TXN00751,435.62,7,0,0,0,0,ATM,0
TXN00752,283.81,18,0,0,1,0,ATM,0
TXN00753,413.28,6,1,0,0,0,Card,0
TXN00754,3145.23,16,0,0,0,0,Card,0
TXN00755,424.37,5,0,1,1,0,Card,1
TXN00756,15250.72,18,0,0,1,0,Card,0
TXN00757,1796.0,23,0,1,0,1,Card,0
TXN00758,1319.27,5,0,1,0,0,UPI,0
TXN00759,464.82,1,0,0,0,0,ATM,0
TXN00760,2209.03,5,0,1,0,0,Card,0
TXN00761,616.69,22,0,0,0,0,Bank Transfer,1
TXN00762,1238.94,4,0,0,0,0,Card,0
TXN00763,14187.05,18,0,0,0,0,Card,0
TXN00764,996.19,19,0,0,0,0,UPI,0
TXN00765,3460.86,3,0,1,0,0,Card,0
TXN00766,542.84,21,0,0,0,0,Card,0
TXN00767,1058.93,16,0,0,0,0,UPI,0
TXN00768,6443.33,10,0,0,0,0,Bank Transfer,0
TXN00769,585.83,3,0,0,0,0,UPI,0
TXN00770,6717.35,12,1,0,0,0,Card,0
TXN00771,2225.53,19,0,1,0,0,UPI,0
TXN00772,624.86,16,0,0,1,0,Bank Transfer,0
TXN00773,2064.01,8,1,0,0,0,UPI,0
TXN00774,2900.26,3,0,0,1,0,Card,0
TXN00775,2042.26,22,0,0,0,0,UPI,0
TXN00776,228.1,13,0,0,0,0,UPI,1
TXN00777,529.99,18,0,1,0,0,Bank Transfer,0
TXN00778,856.18,2,0,0,0,0,UPI,0
TXN00779,1017.97,13,1,0,0,0,Card,0
TXN00780,2039.93,7,0,0,0,1,UPI,0
TXN00781,1309.89,23,0,0,0,0,UPI,0
TXN00782,288.49,0,1,0,0,0,Card,0
TXN00783,1603.91,9,1,0,0,0,Card,0
TXN00784,2019.46,17,0,0,0,0,Card,0
TXN00785,1919.44,15,0,1,0,0,Card,0
TXN00786,3231.76,7,1,0,1,0,UPI,0
TXN00787,2524.81,0,0,0,0,0,UPI,0
TXN00788,1735.72,11,0,0,0,0,UPI,0
TXN00789,1022.32,7,1,0,0,0,Bank Transfer,0
TXN00790,208.31,23,0,1,1,0,Bank Transfer,0
TXN00791,1685.16,15,0,0,0,0,UPI,0
TXN00792,1349.77,17,0,0,0,0,UPI,0
TXN00793,1438.82,3,0,0,0,0,UPI,0
TXN00794,305.9,5,0,1,0,0,ATM,0
TXN00795,372.02,11,0,0,0,0,Bank Transfer,0
TXN00796,3143.69,8,0,0,0,0,UPI,0
TXN00797,1054.1,14,0,0,1,0,Card,0
TXN00798,2167.87,15,0,0,0,0,UPI,0
TXN00799,1128.13,23,0,0,0,0,Card,0
TXN00800,1129.76,11,0,0,0,0,Card,0
TXN00801,2802.55,23,0,1,0,0,Card,0
TXN00802,654.55,22,0,0,0,0,Bank Transfer,0
TXN00803,1207.27,13,0,0,0,0,Card,0
TXN00804,690.71,12,0,1,0,0,UPI,1
TXN00805,710.17,1,0,0,0,0,Card,0
TXN00806,804.99,2,0,1,0,0,Card,0
TXN00807,1369.41,23,0,0,0,0,ATM,0
TXN00808,679.43,21,1,0,0,0,UPI,0
TXN00809,3849.72,9,0,0,0,0,UPI,0
TXN00810,448.27,8,0,0,0,0,Card,0
TXN00811,909.71,19,0,0,0,0,Card,0
TXN00812,706.46,7,0,1,0,0,UPI,0
TXN00813,4660.97,9,1,1,0,0,ATM,0
TXN00814,1334.82,18,0,0,0,0,UPI,0
TXN00815,3077.41,2,0,0,0,0,UPI,0
TXN00816,248.25,23,0,0,1,1,Bank Transfer,0
TXN00817,1432.32,4,0,1,0,0,UPI,0
TXN00818,2669.46,2,0,0,0,0,UPI,0
TXN00819,1190.68,15,0,0,0,0,Card,0
TXN00820,3182.68,16,0,0,0,0,UPI,0
TXN00821,653.74,14,0,0,1,0,ATM,1
TXN00822,4488.83,2,1,1,0,0,Card,0
TXN00823,10925.97,11,1,0,0,0,Card,0
TXN00824,762.93,8,0,0,0,0,UPI,0
TXN00825,702.4,20,0,0,1,0,UPI,0
TXN00826,4690.92,11,0,0,0,1,Card,0
TXN00827,5321.83,14,0,0,1,0,Card,0
TXN00828,650.11,1,1,0,0,0,Bank Transfer,0
TXN00829,720.4,22,0,0,0,0,UPI,0
TXN00830,827.34,17,0,0,0,0,Card,0
TXN00831,285.87,19,1,0,1,0,UPI,1
TXN00832,437.62,11,0,0,1,0,Card,0
TXN00833,401.76,22,1,0,0,0,Card,0
TXN00834,508.88,3,1,0,0,1,UPI,0
TXN00835,1059.25,22,0,0,0,0,Card,0
TXN00836,1386.05,15,0,0,0,0,UPI,0
TXN00837,5169.34,22,1,0,0,0,Card,0
TXN00838,404.09,15,1,0,0,0,Card,0
TXN00839,2934.59,0,0,1,0,0,UPI,0
TXN00840,885.37,21,1,0,0,0,ATM,0
TXN00841,1043.71,1,0,0,0,0,Card,0
TXN00842,2153.43,2,0,0,0,0,ATM,0
TXN00843,356.84,20,1,0,1,0,UPI,0
TXN00844,1607.46,19,0,1,0,0,ATM,0
TXN00845,1295.24,16,1,0,0,0,UPI,0
TXN00846,1794.45,19,0,1,0,0,Card,0
TXN00847,1464.35,21,0,1,0,0,ATM,0
TXN00848,12775.7,20,0,1,0,0,UPI,0
TXN00849,579.55,0,0,1,0,0,UPI,0
TXN00850,644.84,19,0,1,0,0,Bank Transfer,0
TXN00851,588.08,5,0,0,1,0,Card,0
TXN00852,629.25,14,0,0,0,0,Card,0
TXN00853,579.76,13,0,0,0,0,UPI,0
TXN00854,3601.18,19,0,0,1,0,Card,0
TXN00855,4539.19,14,0,1,0,1,UPI,0
TXN00856,619.71,13,0,0,0,0,ATM,0
TXN00857,477.06,20,0,1,1,0,Card,0
TXN00858,1757.09,23,0,1,0,0,Card,0
TXN00859,631.3,4,0,0,0,0,UPI,0
TXN00860,2065.1,5,0,0,1,0,Bank Transfer,0
TXN00861,1343.35,16,0,0,0,0,Card,0
TXN00862,240.87,10,0,0,1,0,Bank Transfer,0
TXN00863,5153.88,15,0,0,0,0,UPI,0
TXN00864,6606.95,11,1,1,0,0,Bank Transfer,0
TXN00865,594.2,14,0,0,0,0,Card,0
TXN00866,744.19,22,0,0,1,0,UPI,0
TXN00867,1459.52,3,0,0,0,0,UPI,0
TXN00868,1532.2,17,0,0,0,0,UPI,0
TXN00869,2118.67,20,0,0,0,0,UPI,1
TXN00870,8186.2,2,0,0,0,0,UPI,0
TXN00871,918.79,21,0,0,0,0,Card,0
TXN00872,493.59,7,0,0,1,0,Card,0
TXN00873,276.08,22,0,0,0,0,Card,0
TXN00874,527.99,2,0,1,0,0,UPI,0
TXN00875,1060.9,7,0,0,0,0,Bank Transfer,0
TXN00876,6598.24,17,0,0,0,0,ATM,0
TXN00877,653.53,9,0,0,0,1,UPI,1
TXN00878,1371.68,19,0,0,0,0,UPI,0
TXN00879,1078.77,16,0,0,0,0,Card,0
TXN00880,3598.94,7,0,0,0,0,Card,0
TXN00881,13724.43,22,0,0,0,0,Card,0
TXN00882,644.92,10,0,0,0,0,Card,0
TXN00883,672.2,4,0,0,0,0,UPI,0
TXN00884,3115.55,12,0,0,1,0,Bank Transfer,0
TXN00885,2168.72,20,0,0,0,0,Card,0
TXN00886,6951.46,22,0,0,0,0,UPI,0
TXN00887,1966.34,4,0,1,0,0,UPI,0
TXN00888,765.64,23,1,1,0,0,UPI,1
TXN00889,1979.61,12,0,0,0,1,Card,0
TXN00890,3323.27,5,0,0,0,0,Card,0
TXN00891,2491.11,4,1,0,0,0,ATM,0
TXN00892,1821.24,8,0,1,0,0,UPI,0
TXN00893,3186.49,15,0,0,0,0,ATM,0
TXN00894,3530.86,1,0,0,0,0,Card,0
TXN00895,4368.43,0,0,0,0,1,Card,0
TXN00896,2097.94,7,0,0,0,0,Bank Transfer,0
TXN00897,927.86,18,0,0,0,0,Card,0
TXN00898,1269.93,10,0,0,1,0,UPI,1
TXN00899,3664.73,11,0,0,1,0,Bank Transfer,0
TXN00900,484.47,11,1,1,0,0,Card,0
TXN00901,1585.53,6,1,0,0,0,Card,0
TXN00902,740.01,12,0,0,0,0,Bank Transfer,0
TXN00903,1128.61,7,0,0,0,0,Card,0
TXN00904,3938.09,21,0,0,0,0,Card,0
TXN00905,1327.56,8,1,0,1,0,Bank Transfer,1
TXN00906,1148.76,6,0,1,0,1,Card,1
TXN00907,281.5,20,0,0,1,0,UPI,0
TXN00908,2312.89,23,0,1,0,0,Bank Transfer,0
TXN00909,2091.18,14,0,0,0,1,UPI,0
TXN00910,9540.06,1,0,0,0,0,Card,0
TXN00911,806.11,22,0,1,1,0,Bank Transfer,0
TXN00912,1365.33,19,0,0,0,0,UPI,0
TXN00913,1407.24,11,0,0,0,1,UPI,0
TXN00914,5310.56,0,0,0,1,0,UPI,0
TXN00915,996.95,22,0,0,0,0,Card,0
TXN00916,1449.57,21,1,0,0,0,ATM,0
TXN00917,2014.04,7,1,0,0,0,Card,0
TXN00918,1321.61,4,1,0,0,0,UPI,0
TXN00919,701.74,14,1,0,0,0,Card,0
TXN00920,1331.54,0,0,0,0,0,Card,0
TXN00921,3208.73,0,0,1,0,0,UPI,0
TXN00922,392.87,9,0,1,0,0,Card,0
TXN00923,1252.59,21,1,0,0,0,UPI,0
TXN00924,544.51,9,0,1,0,0,Bank Transfer,0
TXN00925,3622.96,20,0,0,1,0,UPI,0
TXN00926,239.08,14,0,1,1,0,UPI,0
TXN00927,627.08,16,0,0,0,0,Bank Transfer,0
TXN00928,1599.12,21,0,0,0,1,Card,0
TXN00929,5247.59,5,0,1,0,0,UPI,0
TXN00930,1026.85,2,0,0,0,0,ATM,0
TXN00931,629.42,12,0,0,0,0,Card,0
TXN00932,7195.11,15,0,1,0,0,UPI,0
TXN00933,257.75,7,0,1,0,0,Card,0
TXN00934,121.66,14,1,1,0,0,Bank Transfer,0
TXN00935,1702.77,16,0,0,0,0,Card,0
TXN00936,663.78,16,0,0,0,0,UPI,0
TXN00937,394.95,21,0,0,0,0,Card,0
TXN00938,2226.88,12,0,0,0,0,Card,0
TXN00939,1399.4,16,0,0,0,0,Bank Transfer,0
TXN00940,623.86,5,0,0,1,0,UPI,0
TXN00941,304.81,16,0,0,0,0,Card,0
TXN00942,2624.01,15,0,0,0,0,UPI,0
TXN00943,2101.07,13,0,0,0,0,Card,0
TXN00944,993.09,12,0,1,0,0,ATM,0
TXN00945,6950.97,5,0,0,0,0,UPI,0
TXN00946,376.12,2,0,1,0,0,UPI,0
TXN00947,238.53,13,0,0,0,0,Card,0
TXN00948,549.0,13,1,1,0,0,Card,0
TXN00949,1047.76,14,0,0,0,0,UPI,0
TXN00950,1398.76,7,0,1,0,0,Card,0
TXN00951,861.58,14,0,1,0,0,Bank Transfer,0
TXN00952,1559.4,21,0,1,1,0,Card,0
TXN00953,313.71,12,0,0,0,0,Card,0
TXN00954,4646.01,16,0,0,0,0,UPI,0
TXN00955,1010.14,20,0,0,0,0,Bank Transfer,0
TXN00956,3351.94,23,0,0,0,0,UPI,0
TXN00957,1544.92,2,0,0,0,0,UPI,0
TXN00958,1731.52,5,0,0,0,0,UPI,0
TXN00959,1938.69,4,0,0,0,0,Card,0
TXN00960,1715.93,21,0,0,0,0,Bank Transfer,0
TXN00961,2085.41,16,1,0,1,0,UPI,0
TXN00962,4142.91,22,0,0,0,0,Bank Transfer,0
TXN00963,1334.78,1,0,0,0,0,Bank Transfer,0
TXN00964,2228.32,14,0,0,0,0,Card,0
TXN00965,1002.51,4,0,0,0,0,Bank Transfer,0
TXN00966,4629.1,19,0,1,0,0,UPI,0
TXN00967,557.58,5,0,0,1,0,UPI,0
TXN00968,6640.49,5,0,0,0,0,Bank Transfer,0
TXN00969,1053.47,17,0,0,0,0,Card,0
TXN00970,262.23,17,1,0,1,0,UPI,0
TXN00971,1246.51,3,0,0,0,0,Card,0
TXN00972,554.99,16,0,0,0,0,Bank Transfer,1
TXN00973,2541.84,13,1,0,0,1,Card,0
TXN00974,570.99,13,0,0,0,0,UPI,0
TXN00975,701.92,12,0,0,0,0,Card,0
TXN00976,165.75,6,0,0,0,0,Bank Transfer,0
TXN00977,697.63,11,1,0,0,0,UPI,0
TXN00978,97.14,22,0,0,0,0,UPI,0
TXN00979,225.0,14,0,0,0,0,Card,0
TXN00980,2345.88,18,0,0,0,0,Card,0
TXN00981,2406.19,10,0,0,0,1,UPI,1
TXN00982,1678.17,14,0,1,0,0,UPI,0
TXN00983,416.97,11,0,0,0,0,UPI,0
TXN00984,1045.54,2,0,0,0,0,UPI,0
TXN00985,1092.69,16,0,1,0,0,UPI,0
TXN00986,344.34,2,0,0,1,0,Card,0
TXN00987,4931.5,18,1,0,0,0,Card,0
TXN00988,2636.91,19,1,1,0,0,Card,0
TXN00989,879.22,3,0,1,1,1,UPI,1
TXN00990,1126.52,2,0,0,0,0,UPI,0
TXN00991,1350.71,15,0,0,0,0,UPI,0
TXN00992,142.35,11,0,1,0,0,UPI,0
TXN00993,856.47,7,0,0,0,0,UPI,0
TXN00994,554.47,23,0,1,0,0,UPI,1
TXN00995,402.78,16,1,0,0,0,ATM,0
TXN00996,827.91,6,0,0,0,0,UPI,0
TXN00997,6618.91,10,0,1,0,0,ATM,0
TXN00998,2081.5,17,0,1,0,0,UPI,0
TXN00999,619.44,0,0,0,0,0,Card,0
TXN01000,1944.16,2,0,0,0,0,Bank Transfer,0
TXN01001,4444.2,3,0,0,0,0,UPI,0
TXN01002,2764.55,12,0,0,1,0,UPI,0
TXN01003,1164.01,5,1,0,0,0,ATM,0
TXN01004,574.25,13,0,1,0,0,Card,0
TXN01005,2204.43,4,1,1,0,0,UPI,0
TXN01006,1625.36,15,0,0,1,0,UPI,0
TXN01007,2684.35,14,0,0,0,0,Bank Transfer,0
TXN01008,2069.73,14,0,0,0,0,Bank Transfer,0
TXN01009,3132.39,3,0,0,1,0,Card,0
TXN01010,642.11,7,0,0,1,0,UPI,0
TXN01011,4094.48,15,0,0,0,0,Bank Transfer,0
TXN01012,1336.22,15,0,0,0,0,UPI,0
TXN01013,8736.46,3,0,0,0,0,UPI,0
TXN01014,550.49,12,0,0,1,0,Card,0
TXN01015,6222.73,12,0,0,0,0,UPI,0
TXN01016,1336.64,1,0,0,1,1,Card,0
TXN01017,571.68,2,0,0,0,0,Bank Transfer,0
TXN01018,675.95,21,0,0,0,0,Bank Transfer,0
TXN01019,796.04,7,1,0,0,0,UPI,0
TXN01020,1676.0,23,0,0,0,0,UPI,0
TXN01021,1849.8,14,0,1,0,0,UPI,0
TXN01022,617.88,10,0,0,0,0,UPI,0
TXN01023,1070.25,8,0,0,0,0,Card,0
TXN01024,9341.95,6,0,0,0,0,UPI,0
TXN01025,6170.55,12,1,0,0,0,UPI,0
TXN01026,1696.5,1,1,0,0,0,UPI,0
TXN01027,1139.11,7,0,1,0,0,UPI,0
TXN01028,1236.49,6,0,0,0,0,Card,0
TXN01029,2025.39,23,0,1,0,0,Card,0
TXN01030,394.34,11,0,0,1,0,Card,0
TXN01031,847.78,18,0,0,0,1,Card,0
TXN01032,206.73,6,0,0,0,0,Card,0
TXN01033,1634.71,9,0,0,0,0,Card,0
TXN01034,2094.76,15,1,0,0,0,UPI,0
TXN01035,676.42,2,0,0,0,0,Card,0
TXN01036,5292.19,9,0,1,1,0,UPI,0
TXN01037,321.9,5,1,0,1,0,UPI,0
TXN01038,253.57,17,0,0,0,0,ATM,0
TXN01039,1372.59,17,1,1,0,0,UPI,0
TXN01040,3124.71,4,0,1,0,0,Card,0
TXN01041,5907.2,20,0,0,0,0,Card,0
TXN01042,693.06,6,1,1,0,0,UPI,0
TXN01043,3224.98,1,0,1,0,0,UPI,0
TXN01044,1055.21,10,0,0,0,0,Card,0
TXN01045,922.76,12,0,0,1,0,UPI,0
TXN01046,2653.57,22,0,0,0,0,UPI,0
TXN01047,2105.53,4,0,0,0,1,ATM,1
TXN01048,226.7,5,1,0,0,0,Card,0
TXN01049,4800.81,23,1,1,1,0,UPI,0
TXN01050,4359.41,13,1,0,0,0,UPI,0
TXN01051,586.66,11,0,0,0,0,Card,0
TXN01052,1629.13,3,0,1,0,0,UPI,0
TXN01053,1797.28,22,0,1,0,0,UPI,0
TXN01054,1423.22,5,1,0,0,0,Card,0
TXN01055,632.51,9,0,0,0,0,UPI,0
TXN01056,560.25,17,0,0,0,0,Card,0
TXN01057,1068.96,14,0,0,0,0,Card,0
TXN01058,3543.0,7,0,0,1,0,UPI,0
TXN01059,1888.62,8,0,0,0,0,UPI,0
TXN01060,757.02,4,1,1,0,0,UPI,1
TXN01061,2372.5,9,1,0,0,0,Card,0
TXN01062,63.53,19,0,1,0,0,UPI,0
TXN01063,3459.11,5,0,0,0,0,UPI,0
TXN01064,192.54,15,1,0,1,0,ATM,0
TXN01065,763.23,23,0,0,1,0,UPI,0
TXN01066,357.93,2,0,1,0,0,ATM,0
TXN01067,300.46,9,0,0,0,0,UPI,0
TXN01068,3501.08,10,0,0,0,0,UPI,0
TXN01069,686.98,10,0,0,0,0,Card,0
TXN01070,1550.77,16,0,0,0,0,UPI,0
TXN01071,1046.37,3,0,0,0,0,UPI,0
TXN01072,1767.0,3,0,0,1,0,UPI,0
TXN01073,1184.2,16,1,0,0,0,ATM,0
TXN01074,303.99,8,0,0,0,0,UPI,0
TXN01075,2969.85,18,1,0,1,0,Card,0
TXN01076,669.31,4,0,0,0,0,Card,0
TXN01077,231.23,21,0,0,0,0,Bank Transfer,0
TXN01078,714.72,23,0,0,0,0,Card,0
TXN01079,4918.5,5,1,0,0,0,UPI,0
TXN01080,2566.3,2,0,0,1,0,UPI,0
TXN01081,773.83,21,0,0,1,0,UPI,0
TXN01082,773.36,0,0,0,1,0,UPI,0
TXN01083,795.02,19,0,0,1,0,UPI,0
TXN01084,8749.47,21,0,1,0,0,UPI,0
TXN01085,1606.7,15,1,0,1,0,ATM,0
TXN01086,1685.88,22,1,0,1,0,ATM,1
TXN01087,3072.61,10,0,0,0,0,UPI,0
TXN01088,1392.41,12,1,1,0,0,UPI,0
TXN01089,846.37,9,0,0,0,0,UPI,0
TXN01090,901.13,2,0,0,0,0,UPI,0
TXN01091,1020.86,8,0,1,0,0,UPI,0
TXN01092,1056.56,11,0,1,1,0,ATM,0
TXN01093,2270.21,22,0,0,1,0,UPI,0
TXN01094,1155.1,13,1,0,0,0,UPI,0
TXN01095,2281.62,0,0,1,0,0,UPI,1
TXN01096,1011.59,17,0,0,1,0,ATM,0
TXN01097,1186.35,16,0,0,0,0,Bank Transfer,0
TXN01098,148.68,8,1,0,0,0,Card,0
TXN01099,2741.68,8,0,0,0,0,Card,0
TXN01100,1550.74,22,0,0,1,0,UPI,1
TXN01101,2975.03,9,0,0,1,0,UPI,0
TXN01102,60.57,18,0,1,0,0,Card,0
TXN01103,8851.79,14,0,0,0,0,Bank Transfer,0
TXN01104,953.76,4,0,0,1,0,UPI,1
TXN01105,3321.54,14,0,0,0,0,UPI,0
TXN01106,387.65,19,0,1,0,0,Card,0
TXN01107,2023.88,22,0,0,0,0,UPI,0
TXN01108,382.44,1,0,0,0,0,Card,0
TXN01109,587.71,12,0,0,0,1,UPI,0
TXN01110,7435.58,23,1,0,0,0,UPI,0
TXN01111,906.25,15,0,1,1,0,UPI,0
TXN01112,1362.99,14,1,0,0,0,Bank Transfer,0
TXN01113,2617.74,9,0,0,1,0,UPI,1
TXN01114,1800.25,13,0,0,1,0,UPI,0
TXN01115,1274.64,9,0,1,0,0,UPI,0
TXN01116,1579.65,13,1,0,0,0,Card,0
TXN01117,12129.74,22,0,0,0,0,Bank Transfer,0
TXN01118,1035.23,8,0,0,0,0,UPI,0
TXN01119,1340.9,13,1,0,0,1,UPI,1
TXN01120,3135.85,2,0,0,0,0,ATM,0
TXN01121,3312.72,19,0,0,0,0,Bank Transfer,0
TXN01122,3594.03,15,0,0,0,0,Card,0
TXN01123,2077.1,1,0,0,1,0,UPI,0
TXN01124,349.67,9,0,0,0,0,UPI,0
TXN01125,5616.32,2,0,0,0,0,Card,0
TXN01126,348.51,10,0,1,0,0,Card,0
TXN01127,1484.21,10,0,0,1,1,Card,0
TXN01128,515.8,20,1,1,0,0,UPI,1
TXN01129,1028.51,20,1,1,0,0,Card,0
TXN01130,1523.5,21,0,1,0,0,Bank Transfer,0
TXN01131,1512.26,12,0,1,0,0,ATM,0
TXN01132,1672.24,6,0,0,1,0,UPI,0
TXN01133,5506.65,22,0,0,0,0,Card,0
TXN01134,1725.95,16,0,0,0,0,Card,0
TXN01135,859.06,1,0,0,0,0,Bank Transfer,0
TXN01136,2875.8,11,0,0,1,0,Bank Transfer,1
TXN01137,3602.81,9,0,1,0,0,ATM,0
TXN01138,321.31,17,0,0,1,0,ATM,0
TXN01139,1993.01,21,1,0,0,0,UPI,0
TXN01140,2210.94,10,0,1,0,0,Card,0
TXN01141,814.39,15,0,0,0,0,Card,0
TXN01142,4340.34,16,0,0,0,0,UPI,0
TXN01143,943.83,18,0,1,0,0,UPI,0
TXN01144,1243.36,17,0,0,1,1,UPI,1
TXN01145,922.35,2,0,0,0,0,Bank Transfer,0
TXN01146,1113.85,20,0,1,1,0,UPI,0
TXN01147,366.4,15,0,1,0,0,Bank Transfer,0
TXN01148,259.81,5,0,1,0,0,Card,0
TXN01149,5401.89,11,0,0,1,0,Card,0
TXN01150,470.14,10,1,1,0,0,UPI,0
TXN01151,406.92,14,0,0,0,0,Card,0
TXN01152,127.31,14,0,0,1,0,UPI,0
TXN01153,578.85,15,1,0,0,0,UPI,1
TXN01154,292.05,9,0,0,0,1,Bank Transfer,0
TXN01155,5664.73,11,0,0,1,1,Card,0
TXN01156,3010.37,12,0,0,0,1,UPI,0
TXN01157,551.06,3,0,0,1,0,Bank Transfer,0
TXN01158,10429.94,6,0,0,0,1,UPI,0
TXN01159,2927.09,21,0,1,0,1,UPI,0
TXN01160,792.48,1,1,0,0,1,Card,0
TXN01161,90.07,14,1,0,0,0,UPI,0
TXN01162,10839.4,7,0,0,0,0,Card,0
TXN01163,273.26,6,0,0,1,0,Card,0
TXN01164,211.58,14,0,0,0,0,Card,0
TXN01165,3049.0,22,0,0,0,0,UPI,0
TXN01166,12578.6,13,0,0,0,0,UPI,0
TXN01167,4377.67,7,0,1,0,1,UPI,0
TXN01168,1927.37,11,1,0,0,0,ATM,1
TXN01169,1987.74,12,1,0,0,0,UPI,0
TXN01170,2574.51,10,0,0,0,1,Card,0
TXN01171,2342.39,16,0,0,0,1,Bank Transfer,1
TXN01172,1452.72,16,0,0,0,0,Bank Transfer,0
TXN01173,1217.07,23,0,0,0,0,Bank Transfer,0
TXN01174,1030.1,3,0,0,0,0,ATM,0
TXN01175,515.96,20,0,1,0,0,UPI,1
TXN01176,828.26,7,0,0,0,0,UPI,0
TXN01177,201.75,4,0,0,1,0,UPI,0
TXN01178,993.92,15,0,1,1,0,UPI,1
TXN01179,408.06,3,0,0,0,0,Card,0
TXN01180,363.73,21,0,1,0,0,UPI,0
TXN01181,1312.77,14,0,0,1,0,Card,0
TXN01182,4411.64,11,0,0,0,0,UPI,0
TXN01183,2747.14,4,1,1,0,0,UPI,1
TXN01184,228.04,22,0,1,0,0,Card,0
TXN01185,407.63,15,0,1,0,1,UPI,0
TXN01186,2809.53,13,0,0,0,0,Card,0
TXN01187,410.56,9,0,1,0,0,ATM,0
TXN01188,876.0,6,0,1,0,0,Bank Transfer,0
TXN01189,1900.84,12,0,0,0,0,UPI,0
TXN01190,416.4,19,0,0,1,0,Bank Transfer,0
TXN01191,1218.5,4,0,0,0,0,UPI,0
TXN01192,288.87,2,0,1,0,0,Card,1
TXN01193,601.02,14,0,0,0,0,UPI,0
TXN01194,1509.87,3,0,0,0,0,UPI,0
TXN01195,222.96,14,0,0,0,0,ATM,0
TXN01196,1703.56,13,0,0,0,0,UPI,0
TXN01197,1075.31,19,0,0,0,0,Bank Transfer,0
TXN01198,1905.48,18,0,0,0,0,UPI,0
TXN01199,1371.85,12,1,1,0,0,Bank Transfer,0
TXN01200,4290.42,9,0,0,0,0,ATM,0
TXN01201,1242.93,20,1,1,0,0,Card,0
TXN01202,713.79,4,1,0,0,0,Card,0
TXN01203,1239.29,22,0,0,0,1,Card,0
TXN01204,1888.05,19,0,0,0,0,ATM,0
TXN01205,1151.55,19,0,0,0,0,UPI,0
TXN01206,1142.06,5,1,0,0,1,Card,1
TXN01207,543.49,3,0,1,0,0,UPI,0
TXN01208,565.15,1,0,0,0,0,UPI,0
TXN01209,269.72,21,0,0,1,0,UPI,0
TXN01210,6308.02,15,0,0,1,0,Card,0
TXN01211,316.12,17,0,0,0,0,Bank Transfer,0
TXN01212,548.45,4,0,1,0,0,UPI,0
TXN01213,534.64,21,0,0,0,0,Card,0
TXN01214,2683.63,3,1,0,0,0,Card,0
TXN01215,816.52,12,0,0,0,1,UPI,0
TXN01216,3818.99,18,0,0,0,0,Bank Transfer,0
TXN01217,559.2,22,0,0,0,0,UPI,0
TXN01218,1449.53,1,0,0,0,0,UPI,0
TXN01219,475.64,12,0,0,0,0,UPI,0
TXN01220,9368.88,10,0,0,0,0,Bank Transfer,0
TXN01221,334.42,21,0,0,0,1,ATM,0
TXN01222,1494.91,3,0,1,0,0,UPI,0
TXN01223,2066.84,21,0,0,0,0,UPI,0
TXN01224,1658.72,19,0,0,0,0,Card,0
TXN01225,911.15,19,0,1,0,0,Card,0
TXN01226,963.12,14,0,0,0,0,Card,0
TXN01227,1145.75,3,0,0,0,0,ATM,0
TXN01228,946.71,8,0,0,0,0,Bank Transfer,1
TXN01229,2875.2,6,0,0,0,1,Bank Transfer,0
TXN01230,10001.83,18,0,0,0,0,Card,0
TXN01231,627.98,18,1,0,0,0,UPI,0
TXN01232,278.72,5,1,0,0,0,Card,0
TXN01233,1003.97,5,0,1,1,0,Card,0
TXN01234,14468.21,19,0,0,0,0,UPI,0
TXN01235,490.94,14,0,0,0,0,UPI,0
TXN01236,5648.34,14,0,0,0,0,Card,0
TXN01237,5870.53,19,0,0,1,0,Card,0
TXN01238,630.44,8,1,0,0,0,Card,0
TXN01239,1937.17,3,0,0,0,0,UPI,0
TXN01240,5588.11,17,0,1,0,0,Card,0
TXN01241,750.6,17,0,1,1,0,UPI,0
TXN01242,894.64,4,0,0,0,0,Card,0
TXN01243,612.97,19,0,0,0,0,Card,0
TXN01244,397.52,22,0,0,0,0,Bank Transfer,0
TXN01245,572.91,10,0,0,0,0,Bank Transfer,0
TXN01246,322.49,4,0,0,1,0,Card,0
TXN01247,1134.65,21,0,0,0,0,Card,0
TXN01248,507.77,3,0,0,0,0,Card,0
TXN01249,1385.46,11,0,0,1,0,UPI,0
TXN01250,231.39,1,0,0,1,1,Card,0
TXN01251,1526.73,12,0,1,0,1,Card,0
TXN01252,2523.82,9,1,0,0,0,Card,0
TXN01253,149.35,8,0,1,1,0,UPI,0
TXN01254,1594.09,9,0,0,0,1,ATM,0
TXN01255,3743.1,6,0,0,1,0,UPI,0
TXN01256,327.13,3,0,0,1,0,UPI,0
TXN01257,5840.5,18,0,0,0,0,ATM,0
TXN01258,1667.4,9,0,1,1,0,Bank Transfer,0
TXN01259,541.85,2,0,0,0,0,UPI,0
TXN01260,1037.15,20,0,1,0,0,Bank Transfer,0
TXN01261,1916.64,18,1,0,0,0,UPI,0
TXN01262,1183.23,20,1,1,1,0,Card,0
TXN01263,1879.49,1,0,1,0,0,Card,0
TXN01264,436.73,19,0,0,0,0,Card,0
TXN01265,1299.01,9,0,0,1,0,Card,0
TXN01266,266.74,1,0,0,0,0,UPI,0
TXN01267,981.2,1,0,0,0,0,UPI,0
TXN01268,444.12,23,0,0,1,0,Card,0
TXN01269,525.56,16,1,1,0,0,UPI,0
TXN01270,3774.76,15,0,0,1,1,ATM,0
TXN01271,3265.96,15,0,1,1,0,Card,0
TXN01272,2016.54,13,0,1,0,0,UPI,0
TXN01273,367.85,6,0,0,0,0,Card,0
TXN01274,799.18,20,0,1,0,0,UPI,0
TXN01275,3688.95,10,0,0,0,0,UPI,0
TXN01276,1263.6,23,1,1,0,0,Card,0
TXN01277,11151.5,0,0,0,0,0,ATM,0
TXN01278,1625.09,10,0,0,0,0,UPI,0
TXN01279,1328.82,22,1,0,0,0,UPI,0
TXN01280,805.03,20,0,0,0,0,Card,0
TXN01281,1253.31,3,0,0,0,0,UPI,0
TXN01282,941.55,6,0,0,0,0,UPI,0
TXN01283,2226.33,14,0,0,0,0,Bank Transfer,0
TXN01284,2854.64,17,0,1,0,0,ATM,0
TXN01285,499.7,11,0,0,0,0,UPI,0
TXN01286,289.68,16,1,0,0,0,Card,0
TXN01287,174.83,0,0,0,1,1,ATM,1
TXN01288,1822.55,10,0,0,0,0,UPI,0
TXN01289,363.81,0,0,1,0,0,UPI,0
TXN01290,127.37,14,0,0,0,0,ATM,0
TXN01291,1617.41,20,0,0,0,0,Card,0
TXN01292,13266.53,9,0,0,0,0,UPI,0
TXN01293,1090.0,6,0,0,0,0,UPI,0
TXN01294,2536.37,1,0,1,0,0,UPI,0
TXN01295,1190.14,9,1,0,0,0,Card,0
TXN01296,993.38,23,0,1,1,0,Bank Transfer,0
TXN01297,2749.23,3,0,0,0,0,Card,0
TXN01298,820.35,11,1,1,0,0,Card,0
TXN01299,1432.81,18,0,0,1,0,UPI,0
TXN01300,1512.77,10,0,1,0,0,UPI,0
TXN01301,562.23,7,1,1,0,0,UPI,0
TXN01302,2957.33,17,0,1,0,0,Bank Transfer,0
TXN01303,920.61,10,0,0,0,0,Card,0
TXN01304,515.05,10,0,0,0,0,UPI,0
TXN01305,1875.27,12,0,0,0,0,UPI,0
TXN01306,446.54,2,0,0,0,0,Bank Transfer,0
TXN01307,1127.98,11,0,0,0,0,Card,0
TXN01308,1086.68,2,0,0,0,1,UPI,1
TXN01309,3248.33,9,0,0,0,0,UPI,0
TXN01310,1762.87,16,0,0,0,0,UPI,0
TXN01311,1069.53,21,0,0,0,0,Bank Transfer,0
TXN01312,2484.35,1,1,0,0,0,Card,0
TXN01313,4403.73,16,0,0,0,0,Card,0
TXN01314,1915.65,15,1,0,0,0,Bank Transfer,0
TXN01315,1108.05,1,0,0,0,0,ATM,0
TXN01316,295.35,21,0,0,0,0,UPI,0
TXN01317,378.0,19,0,1,0,0,UPI,0
TXN01318,808.17,5,0,1,0,0,Card,0
TXN01319,596.15,9,0,1,0,0,UPI,0
TXN01320,909.62,9,0,1,0,0,Bank Transfer,0
TXN01321,1160.55,7,0,0,0,0,Bank Transfer,0
TXN01322,1862.53,0,0,0,0,0,Card,0
TXN01323,1021.98,12,0,0,0,0,UPI,1
TXN01324,1783.8,23,0,0,0,0,UPI,0
TXN01325,1169.67,8,0,0,1,0,UPI,0
TXN01326,152.1,21,0,0,0,0,Bank Transfer,0
TXN01327,428.66,9,0,0,0,0,UPI,0
TXN01328,949.48,14,0,0,1,0,UPI,0
TXN01329,327.11,4,0,1,0,0,UPI,0
TXN01330,1998.05,21,1,0,0,1,ATM,0
TXN01331,5068.25,15,0,0,0,0,Card,0
TXN01332,3709.91,12,0,0,0,0,Bank Transfer,0
TXN01333,885.86,21,0,0,0,0,Bank Transfer,0
TXN01334,4869.4,19,1,0,0,0,Card,0
TXN01335,1272.41,17,0,1,0,0,UPI,0
TXN01336,782.83,10,1,0,0,0,UPI,0
TXN01337,593.83,8,0,0,0,0,Card,0
TXN01338,810.4,15,0,0,0,0,Bank Transfer,0
TXN01339,743.84,1,1,0,1,0,UPI,0
TXN01340,1300.39,1,0,1,0,0,UPI,0
TXN01341,1287.65,11,0,0,1,0,Card,0
TXN01342,1099.98,7,0,0,0,0,UPI,0
TXN01343,1697.54,8,1,1,0,0,Card,0
TXN01344,3607.05,11,0,1,0,0,UPI,0
TXN01345,2834.31,8,0,0,0,1,UPI,0
TXN01346,248.42,9,0,0,1,0,UPI,0
TXN01347,85.29,1,0,0,1,1,Card,1
TXN01348,2791.46,15,1,0,0,0,Card,0
TXN01349,279.53,19,0,0,0,0,UPI,0
TXN01350,875.88,6,0,1,0,0,Bank Transfer,0
TXN01351,340.32,1,1,0,1,0,UPI,1
TXN01352,180.91,0,0,1,0,0,UPI,1
TXN01353,1884.58,18,0,0,0,0,Card,0
TXN01354,2342.92,3,0,0,0,0,UPI,0
TXN01355,616.15,23,0,0,0,0,Card,0
TXN01356,82.18,21,0,1,1,0,ATM,0
TXN01357,635.08,1,0,1,0,0,Card,0
TXN01358,1622.63,13,0,0,0,0,Card,0
TXN01359,249.91,1,0,0,0,0,Card,0
TXN01360,1317.33,14,0,0,0,0,UPI,0
TXN01361,1079.97,11,0,1,0,0,Card,0
TXN01362,1957.24,4,0,1,0,0,UPI,0
TXN01363,1235.93,19,0,0,0,0,ATM,0
TXN01364,414.44,6,1,0,1,0,UPI,0
TXN01365,3628.49,23,0,0,0,0,Card,0
TXN01366,935.86,20,0,0,0,0,ATM,0
TXN01367,1067.1,9,0,0,0,0,Bank Transfer,0
TXN01368,431.27,13,0,0,0,0,ATM,0
TXN01369,703.96,13,0,1,0,0,Card,0
TXN01370,452.69,4,0,0,1,0,UPI,0
TXN01371,922.47,17,0,1,0,0,Bank Transfer,0
TXN01372,6073.61,23,1,0,0,0,UPI,0
TXN01373,278.13,13,0,0,0,0,UPI,0
TXN01374,218.42,1,0,0,0,0,Card,0
TXN01375,4775.1,11,0,0,0,0,Card,0
TXN01376,889.51,21,0,0,0,0,Bank Transfer,0
TXN01377,561.68,23,0,0,0,0,ATM,0
TXN01378,3102.32,5,0,0,0,0,Bank Transfer,0
TXN01379,598.47,3,0,0,0,0,UPI,0
TXN01380,6809.06,12,0,0,0,0,Card,0
TXN01381,2160.13,3,0,0,0,1,Bank Transfer,0
TXN01382,673.23,21,0,0,0,0,ATM,0
TXN01383,9483.5,13,0,0,0,0,UPI,0
TXN01384,598.42,15,0,0,1,0,UPI,0
TXN01385,2303.29,3,0,0,0,0,Bank Transfer,0
TXN01386,1479.25,23,0,1,0,0,UPI,0
TXN01387,4030.89,0,0,0,0,0,Card,0
TXN01388,5226.57,12,1,0,1,0,UPI,0
TXN01389,1132.3,3,0,0,1,0,UPI,1
TXN01390,516.25,19,0,0,0,0,Card,0
TXN01391,1737.1,17,0,1,0,0,UPI,0
TXN01392,556.84,5,0,0,1,0,Card,0
TXN01393,8212.29,2,0,0,0,1,UPI,0
TXN01394,1257.07,22,1,0,0,0,UPI,0
TXN01395,761.03,12,0,0,1,0,UPI,0
TXN01396,1319.07,15,1,0,0,0,Bank Transfer,0
TXN01397,285.11,4,1,0,0,0,UPI,0
TXN01398,415.04,3,0,0,1,0,Card,0
TXN01399,3642.46,20,0,1,0,1,Card,0
TXN01400,568.56,7,0,0,0,0,Card,0
TXN01401,384.94,18,0,0,0,0,Card,0
TXN01402,1875.54,13,1,0,0,0,UPI,0
TXN01403,3589.27,6,0,0,0,0,UPI,0
TXN01404,2250.6,13,1,0,0,0,Card,0
TXN01405,2969.2,5,0,0,0,0,UPI,0
TXN01406,514.5,11,1,0,1,0,Bank Transfer,0
TXN01407,264.59,15,1,1,0,0,Bank Transfer,0
TXN01408,4921.33,16,0,1,0,0,UPI,0
TXN01409,794.19,12,0,0,0,0,Card,0
TXN01410,853.35,22,0,0,0,0,ATM,0
TXN01411,4138.94,13,1,0,0,0,UPI,0
TXN01412,1912.62,6,1,0,1,0,Bank Transfer,0
TXN01413,1730.02,13,0,0,0,0,UPI,0
TXN01414,9556.74,14,0,0,0,0,Card,0
TXN01415,576.22,11,0,0,0,0,Bank Transfer,0
TXN01416,2773.43,16,1,0,0,0,Card,0
TXN01417,1160.97,8,0,0,0,0,Card,0
TXN01418,1434.53,21,0,1,0,0,Bank Transfer,0
TXN01419,5056.7,14,0,0,0,0,Card,0
TXN01420,1822.27,11,0,0,1,0,Card,0
TXN01421,1878.63,1,0,0,0,0,Card,0
TXN01422,3205.13,4,0,0,0,0,Card,0
TXN01423,761.32,12,0,0,0,0,Bank Transfer,0
TXN01424,473.8,19,0,0,0,0,ATM,0
TXN01425,385.75,22,0,0,0,0,Bank Transfer,0
TXN01426,153.49,7,0,0,0,0,Card,0
TXN01427,8571.58,13,0,0,0,0,UPI,0
TXN01428,363.87,14,0,1,1,0,Bank Transfer,1
TXN01429,878.97,10,1,0,0,1,Card,0
TXN01430,831.46,0,0,0,0,1,Bank Transfer,0
TXN01431,1491.3,20,1,0,1,0,UPI,0
TXN01432,2479.31,2,0,0,0,0,Bank Transfer,0
TXN01433,2592.75,16,0,0,0,0,UPI,0
TXN01434,612.12,18,0,0,1,0,UPI,0
TXN01435,927.86,13,0,0,0,0,Card,0
TXN01436,1454.74,21,0,0,0,1,Card,0
TXN01437,855.18,22,0,0,0,0,UPI,0
TXN01438,5471.71,7,0,0,0,0,Card,0
TXN01439,1791.8,12,0,0,0,0,UPI,0
TXN01440,2286.73,19,0,0,0,0,UPI,0
TXN01441,2127.88,2,0,0,0,0,UPI,0
TXN01442,3545.64,4,0,0,0,0,Bank Transfer,0
TXN01443,1314.25,8,0,0,0,0,UPI,0
TXN01444,299.82,5,0,0,1,0,UPI,0
TXN01445,1635.47,21,0,0,1,0,Card,0
TXN01446,571.72,1,0,0,0,0,Card,0
TXN01447,646.38,12,1,0,1,0,Bank Transfer,0
TXN01448,1971.13,4,1,0,0,0,Bank Transfer,0
TXN01449,3783.04,7,0,0,0,0,Bank Transfer,0
TXN01450,1120.21,22,0,0,0,0,UPI,0
TXN01451,1493.43,0,0,0,0,0,Card,0
TXN01452,6016.22,19,0,0,1,0,Card,0
TXN01453,1395.14,11,0,0,0,0,UPI,0
TXN01454,14789.65,22,0,0,0,0,UPI,0
TXN01455,1930.45,10,0,0,0,0,Card,0
TXN01456,188.53,6,0,0,0,1,UPI,1
TXN01457,2329.34,14,0,0,0,0,ATM,0
TXN01458,1605.45,21,0,0,1,0,Bank Transfer,1
TXN01459,3982.85,23,0,0,0,0,UPI,0
TXN01460,2149.91,10,0,1,0,1,UPI,0
TXN01461,954.84,21,0,0,0,0,ATM,0
TXN01462,322.37,15,0,0,0,0,UPI,0
TXN01463,889.78,2,0,0,0,0,Bank Transfer,0
TXN01464,468.47,19,0,0,0,0,Card,0
TXN01465,613.68,13,0,0,0,0,Bank Transfer,0
TXN01466,1975.5,2,1,1,0,0,Card,0
TXN01467,5824.94,0,0,0,1,0,UPI,0
TXN01468,1627.29,20,1,0,0,0,UPI,0
TXN01469,331.66,14,0,0,0,0,Card,0
TXN01470,1710.61,0,0,0,1,0,ATM,0
TXN01471,3628.71,16,0,0,0,0,UPI,0
TXN01472,595.99,1,0,0,0,0,Card,0
TXN01473,959.09,19,0,0,0,0,UPI,0
TXN01474,1112.86,5,0,0,0,0,Bank Transfer,0
TXN01475,500.25,7,0,1,0,0,Bank Transfer,0
TXN01476,2097.04,15,1,1,0,0,UPI,0
TXN01477,971.7,18,0,0,1,0,UPI,0
TXN01478,1668.25,0,0,0,1,1,UPI,1
TXN01479,451.47,2,0,0,0,1,Card,0
TXN01480,708.07,2,0,0,0,0,UPI,0
TXN01481,2258.33,4,0,0,1,0,UPI,0
TXN01482,755.34,11,1,0,0,0,ATM,0
TXN01483,6166.98,11,1,0,0,0,Card,0
TXN01484,735.36,19,0,0,0,0,Bank Transfer,0
TXN01485,1372.91,12,0,1,1,0,UPI,1
TXN01486,2786.64,19,0,0,0,0,UPI,0
TXN01487,265.51,8,1,0,0,0,UPI,0
TXN01488,188.52,6,0,0,0,0,Card,0
TXN01489,238.49,3,0,0,1,0,Card,0
TXN01490,3876.1,18,0,0,0,0,Bank Transfer,0
TXN01491,631.53,21,0,1,0,0,Card,0
TXN01492,14160.32,18,0,0,0,0,UPI,0
TXN01493,623.75,5,0,1,0,0,Bank Transfer,0
TXN01494,1318.9,12,1,0,0,0,UPI,0
TXN01495,5126.15,10,1,0,1,0,UPI,0
TXN01496,8152.61,12,0,0,0,0,UPI,0
TXN01497,8617.1,12,0,0,0,0,Bank Transfer,0
TXN01498,3671.54,21,1,0,0,0,Bank Transfer,0
TXN01499,3053.56,19,1,1,0,0,UPI,0
TXN01500,1983.32,14,0,1,0,0,UPI,1
TXN01501,2388.36,20,0,1,0,0,Bank Transfer,0
TXN01502,631.95,12,0,0,1,0,ATM,0
TXN01503,483.86,21,0,1,0,0,UPI,0
TXN01504,1092.94,10,0,0,0,0,Bank Transfer,0
TXN01505,925.02,18,0,0,0,0,UPI,0
TXN01506,696.99,7,0,0,0,0,UPI,0
TXN01507,2200.38,19,1,0,0,0,UPI,0
TXN01508,2850.66,7,0,0,0,0,UPI,0
TXN01509,1198.0,9,0,0,0,0,UPI,0
TXN01510,4805.57,15,0,0,0,0,ATM,0
TXN01511,350.13,18,0,1,0,0,UPI,0
TXN01512,903.56,22,0,0,0,0,UPI,0
TXN01513,535.49,10,0,0,0,0,UPI,0
TXN01514,169.6,12,0,1,1,0,Bank Transfer,0
TXN01515,1009.61,8,1,1,0,0,Bank Transfer,0
TXN01516,970.93,19,0,0,1,0,UPI,0
TXN01517,4981.32,23,0,1,0,0,Card,0
TXN01518,2060.72,18,0,1,0,0,UPI,0
TXN01519,393.79,15,0,1,0,0,Card,0
TXN01520,7002.99,6,0,1,0,0,UPI,0
TXN01521,3718.34,18,1,0,0,0,Card,0
TXN01522,1962.74,11,0,0,0,0,Card,0
TXN01523,874.38,14,0,0,0,0,Card,0
TXN01524,420.13,22,1,0,0,0,UPI,0
TXN01525,755.81,13,0,0,0,0,UPI,0
TXN01526,3257.61,10,1,0,1,0,Card,0
TXN01527,7219.83,9,0,0,0,0,Card,0
TXN01528,5131.96,10,0,0,0,0,UPI,0
TXN01529,672.6,5,0,0,0,0,Bank Transfer,0
TXN01530,357.95,1,0,1,1,0,Card,0
TXN01531,1262.55,10,0,0,0,0,UPI,0
TXN01532,187.08,18,0,0,0,0,UPI,0
TXN01533,1515.0,5,0,0,0,0,ATM,0
TXN01534,946.15,13,1,0,0,0,UPI,0
TXN01535,688.12,19,0,1,0,0,Bank Transfer,0
TXN01536,222.58,5,1,0,0,0,UPI,0
TXN01537,1832.8,16,0,0,1,0,UPI,0
TXN01538,643.74,9,0,0,1,0,Card,0
TXN01539,340.39,0,0,0,0,0,UPI,0
TXN01540,62.04,2,0,0,1,0,UPI,0
TXN01541,1066.87,7,1,0,0,0,UPI,0
TXN01542,6452.68,7,0,0,1,0,Bank Transfer,0
TXN01543,5774.8,19,0,1,0,0,Card,0
TXN01544,694.3,21,0,0,0,0,UPI,0
TXN01545,600.52,14,0,0,1,0,UPI,0
TXN01546,1752.46,23,0,0,1,0,Card,0
TXN01547,404.08,6,0,0,0,0,UPI,0
TXN01548,1482.95,10,0,0,0,0,UPI,0
TXN01549,2359.21,6,0,0,0,0,UPI,0
TXN01550,3740.35,3,0,1,1,0,Card,0
TXN01551,992.12,11,0,0,0,0,UPI,0
TXN01552,894.55,5,0,1,0,0,Card,0
TXN01553,455.78,13,1,0,0,0,Card,0
TXN01554,479.68,11,0,1,0,0,ATM,0
TXN01555,874.39,10,0,0,0,0,Bank Transfer,0
TXN01556,1583.46,18,0,0,0,1,UPI,0
TXN01557,2734.17,20,0,0,0,0,Bank Transfer,0
TXN01558,491.19,4,1,1,0,0,ATM,1
TXN01559,4878.97,13,0,1,0,0,Card,0
TXN01560,836.21,20,0,0,0,0,UPI,0
TXN01561,1073.45,23,0,0,0,0,UPI,0
TXN01562,519.46,15,0,0,0,0,Bank Transfer,0
TXN01563,97.1,12,0,0,0,1,UPI,0
TXN01564,2654.59,21,0,0,0,0,UPI,0
TXN01565,2291.23,21,0,1,0,0,Card,0
TXN01566,827.72,19,0,0,0,0,Bank Transfer,0
TXN01567,1172.61,21,0,0,0,0,UPI,0
TXN01568,1837.09,3,0,0,0,0,Bank Transfer,0
TXN01569,229.86,10,0,0,1,0,Bank Transfer,0
TXN01570,646.1,16,0,0,0,0,Card,0
TXN01571,2426.64,6,0,0,1,0,Card,0
TXN01572,312.85,13,0,0,0,0,Card,0
TXN01573,1470.79,10,0,1,1,0,ATM,1
TXN01574,282.43,21,0,0,0,0,Card,0
TXN01575,1748.35,8,1,0,0,0,ATM,0
TXN01576,1058.24,22,1,0,1,0,UPI,1
TXN01577,218.08,12,0,0,0,0,UPI,0
TXN01578,3514.81,22,0,1,0,0,UPI,0
TXN01579,526.06,17,0,0,0,1,Card,0
TXN01580,487.72,10,0,0,1,0,Bank Transfer,0
TXN01581,1340.19,14,0,1,0,0,UPI,0
TXN01582,3458.66,21,0,0,0,0,UPI,0
TXN01583,397.1,18,1,0,0,0,UPI,0
TXN01584,1166.4,0,0,1,0,1,Card,1
TXN01585,1683.81,3,0,1,0,0,UPI,0
TXN01586,2193.18,13,0,0,0,0,UPI,0
TXN01587,1308.24,13,0,0,1,0,Bank Transfer,0
TXN01588,759.74,2,0,0,0,0,UPI,0
TXN01589,479.34,16,0,0,0,0,Card,0
TXN01590,1195.29,2,0,0,0,0,Card,0
TXN01591,375.35,15,0,0,0,0,Card,0
TXN01592,59.07,13,0,1,0,0,UPI,0
TXN01593,1696.9,19,0,0,0,0,ATM,0
TXN01594,2707.92,12,0,0,0,0,Card,0
TXN01595,103.24,14,0,0,0,0,UPI,0
TXN01596,399.52,13,0,0,0,0,UPI,0
TXN01597,2036.84,23,1,1,0,0,UPI,0
TXN01598,8582.63,18,0,0,0,0,Bank Transfer,0
TXN01599,1119.67,5,1,0,0,0,Card,0
TXN01600,529.53,9,1,0,0,1,UPI,0
TXN01601,913.34,14,0,1,0,0,UPI,0
TXN01602,4336.73,20,0,0,1,0,Bank Transfer,0
TXN01603,574.81,21,1,1,0,0,Bank Transfer,0
TXN01604,493.15,19,0,0,0,0,Card,0
TXN01605,676.72,5,0,0,0,0,Card,0
TXN01606,422.7,22,1,0,1,0,Bank Transfer,0
TXN01607,1239.76,9,0,0,0,0,Bank Transfer,1
TXN01608,5567.37,6,0,0,1,0,UPI,0
TXN01609,1514.86,21,0,0,0,0,UPI,0
TXN01610,852.05,16,0,0,1,0,Bank Transfer,0
TXN01611,819.09,17,0,0,0,0,UPI,0
TXN01612,229.71,16,0,0,0,0,UPI,0
TXN01613,2652.11,8,0,0,0,0,Bank Transfer,0
TXN01614,1014.51,9,0,0,1,0,Card,0
TXN01615,915.55,9,0,0,0,0,Bank Transfer,0
TXN01616,26718.4,6,0,0,0,0,Card,0
TXN01617,1478.46,15,0,0,0,0,ATM,0
TXN01618,517.09,17,0,0,0,0,UPI,0
TXN01619,715.97,5,0,0,0,0,Card,0
TXN01620,3458.0,19,0,0,0,0,UPI,0
TXN01621,1228.16,0,1,0,0,0,UPI,0
TXN01622,260.27,0,0,0,1,0,UPI,0
TXN01623,2749.65,11,0,0,0,0,Card,0
TXN01624,562.2,20,0,1,0,0,UPI,0
TXN01625,7138.78,1,1,0,0,0,Card,1
TXN01626,3229.39,3,0,0,1,0,UPI,0
TXN01627,701.12,16,0,0,0,0,UPI,0
TXN01628,3948.21,3,0,0,0,0,Card,0
TXN01629,1173.63,10,0,0,1,0,ATM,0
TXN01630,2572.86,21,0,0,0,0,UPI,0
TXN01631,1780.65,3,0,0,0,0,Card,0
TXN01632,470.43,0,0,0,0,0,ATM,0
TXN01633,576.2,6,1,1,1,0,Card,1
TXN01634,3071.62,17,0,1,0,0,Card,0
TXN01635,784.64,8,0,0,0,0,UPI,0
TXN01636,732.42,2,0,0,0,0,Card,0
TXN01637,421.95,7,1,0,0,0,UPI,0
TXN01638,1675.05,23,0,0,1,0,Card,0
TXN01639,8625.9,18,1,0,0,0,Bank Transfer,0
TXN01640,377.08,3,1,0,0,0,Card,0
TXN01641,1123.52,17,0,1,1,0,UPI,0
TXN01642,4501.75,19,0,0,0,0,Bank Transfer,0
TXN01643,1012.68,10,0,0,0,0,Card,0
TXN01644,1723.95,13,0,0,1,1,ATM,0
TXN01645,379.03,17,0,0,0,0,Card,0
TXN01646,1682.96,15,0,0,0,0,UPI,0
TXN01647,909.46,2,1,0,0,1,Card,1
TXN01648,2938.72,14,0,1,0,1,Card,0
TXN01649,3595.31,3,1,0,1,0,UPI,0
TXN01650,14611.49,4,0,0,0,0,Card,0
TXN01651,1957.91,16,0,1,0,0,Card,0
TXN01652,1518.98,6,1,0,0,0,Card,1
TXN01653,1331.93,15,0,0,0,0,UPI,0
TXN01654,770.34,13,0,0,1,0,Card,0
TXN01655,1538.38,15,0,0,0,1,UPI,0
TXN01656,816.15,6,0,0,1,0,Card,0
TXN01657,1297.85,8,0,0,0,0,UPI,0
TXN01658,4095.31,3,0,1,0,0,UPI,0
TXN01659,400.8,21,0,0,0,0,UPI,0
TXN01660,3428.5,10,1,0,1,0,UPI,0
TXN01661,4093.33,1,0,0,0,0,UPI,0
TXN01662,974.51,11,1,1,0,0,ATM,1
TXN01663,131.39,11,0,0,0,0,Card,0
TXN01664,597.16,3,0,1,0,0,Card,0
TXN01665,4011.8,17,0,0,0,0,ATM,0
TXN01666,1071.84,20,0,0,1,0,ATM,0
TXN01667,403.71,6,1,0,0,0,Bank Transfer,0
TXN01668,661.97,0,0,0,0,0,UPI,0
TXN01669,2541.78,22,0,0,0,0,Card,0
TXN01670,1894.54,12,0,0,0,0,Bank Transfer,0
TXN01671,863.56,5,0,0,0,0,Bank Transfer,0
TXN01672,759.89,5,1,0,0,0,Card,0
TXN01673,741.18,11,1,0,0,0,UPI,0
TXN01674,435.98,7,0,0,0,0,ATM,0
TXN01675,5515.82,23,0,0,0,0,Card,0
TXN01676,794.47,21,0,0,0,0,UPI,0
TXN01677,3703.96,18,0,1,0,0,UPI,0
TXN01678,5020.66,4,1,0,0,0,Card,0
TXN01679,2975.93,17,0,0,0,0,UPI,0
TXN01680,712.21,4,0,0,0,0,UPI,0
TXN01681,1642.1,9,0,0,0,0,ATM,0
TXN01682,1070.42,0,1,0,0,0,UPI,0
TXN01683,444.21,9,0,0,0,1,Card,1
TXN01684,1516.8,4,0,0,0,0,Bank Transfer,1
TXN01685,337.3,11,0,0,0,0,Card,0
TXN01686,3596.37,21,0,1,1,0,UPI,1
TXN01687,689.1,6,0,1,0,0,Card,0
TXN01688,1340.98,8,0,0,0,0,UPI,0
TXN01689,1455.77,21,0,0,1,0,UPI,0
TXN01690,846.49,20,0,1,0,0,Card,0
TXN01691,1971.78,11,0,1,0,0,Bank Transfer,1
TXN01692,682.05,22,0,0,0,0,Card,0
TXN01693,2620.96,0,0,0,0,0,UPI,0
TXN01694,285.44,10,0,1,0,0,UPI,0
TXN01695,1244.36,20,0,0,0,0,UPI,0
TXN01696,7623.03,14,0,0,0,0,Card,0
TXN01697,403.3,1,1,0,0,0,UPI,0
TXN01698,556.83,19,0,1,0,0,Bank Transfer,0
TXN01699,1833.36,6,0,1,0,0,UPI,0
TXN01700,1312.36,20,0,0,0,0,UPI,0
TXN01701,1557.18,11,0,0,0,0,Card,0
TXN01702,1788.6,21,0,0,0,0,UPI,0
TXN01703,2068.79,17,0,1,0,0,Card,0
TXN01704,3326.58,2,0,0,0,0,Bank Transfer,0
TXN01705,1652.13,6,0,1,0,0,UPI,0
TXN01706,861.56,10,0,0,1,0,UPI,0
TXN01707,2148.6,17,0,1,1,0,ATM,0
TXN01708,7331.11,11,0,0,0,0,Card,0
TXN01709,960.42,5,0,0,0,0,ATM,0
TXN01710,413.84,4,0,0,0,0,UPI,0
TXN01711,3317.88,0,0,0,0,0,UPI,0
TXN01712,972.26,11,1,1,1,0,UPI,0
TXN01713,124.88,10,1,0,0,0,UPI,0
TXN01714,2559.13,3,0,0,1,0,Card,1
TXN01715,642.05,17,0,0,0,0,UPI,0
TXN01716,1001.71,3,1,1,0,0,Card,0
TXN01717,1528.41,16,0,0,0,0,UPI,0
TXN01718,1326.77,1,0,0,0,0,Bank Transfer,0
TXN01719,2229.32,23,1,1,0,0,UPI,1
TXN01720,709.47,21,1,0,0,1,UPI,0
TXN01721,1831.89,1,0,0,0,0,Card,0
TXN01722,845.94,11,0,0,0,0,UPI,0
TXN01723,2295.74,5,0,0,0,0,Card,0
TXN01724,2029.14,9,0,1,0,0,Card,0
TXN01725,430.33,22,0,1,1,0,Bank Transfer,1
TXN01726,3248.61,20,0,0,0,0,Card,0
TXN01727,641.65,22,0,0,0,0,Card,0
TXN01728,2460.35,15,0,0,1,0,ATM,0
TXN01729,1583.33,13,0,0,0,0,ATM,0
TXN01730,6892.46,6,0,0,0,0,Card,0
TXN01731,877.02,18,0,1,1,0,Card,0
TXN01732,773.31,22,0,0,0,0,Card,0
TXN01733,1075.54,16,1,0,0,0,UPI,0
TXN01734,809.83,8,0,1,0,0,ATM,0
TXN01735,2440.46,12,0,1,0,1,Card,1
TXN01736,217.82,21,1,0,0,0,UPI,0
TXN01737,382.34,4,0,0,1,0,UPI,0
TXN01738,376.98,22,0,0,0,0,UPI,0
TXN01739,2836.45,4,1,0,0,0,UPI,0
TXN01740,6066.96,9,0,0,0,0,UPI,0
TXN01741,987.87,20,0,0,0,0,UPI,0
TXN01742,926.28,9,0,0,1,0,UPI,0
TXN01743,1176.21,6,0,1,0,0,Card,1
TXN01744,3504.76,14,0,1,1,0,UPI,0
TXN01745,433.83,6,1,0,0,0,UPI,0
TXN01746,1391.82,14,0,0,0,0,Card,0
TXN01747,2907.93,2,0,0,1,0,Bank Transfer,1
TXN01748,1810.02,18,0,0,1,0,Card,0
TXN01749,1325.55,9,0,1,1,0,UPI,0
TXN01750,2984.08,14,0,0,0,0,Card,0
TXN01751,73.46,2,0,0,0,1,UPI,0
TXN01752,2160.03,5,0,0,0,0,UPI,0
TXN01753,570.16,11,0,0,1,0,UPI,0
TXN01754,175.8,14,0,0,0,0,Card,0
TXN01755,1828.41,5,0,0,0,0,Card,0
TXN01756,4331.45,12,0,0,0,0,Card,0
TXN01757,955.8,18,0,0,0,0,UPI,0
TXN01758,2843.74,2,0,0,1,0,Bank Transfer,0
TXN01759,5498.76,7,0,0,0,0,UPI,0
TXN01760,4084.34,7,0,1,0,0,UPI,0
TXN01761,5653.13,22,0,1,0,0,UPI,0
TXN01762,2303.37,19,1,1,0,1,Card,1
TXN01763,1182.56,14,0,0,0,0,UPI,0
TXN01764,220.97,3,0,0,0,0,Card,0
TXN01765,857.43,18,0,0,0,0,Bank Transfer,0
TXN01766,471.89,20,0,1,0,0,UPI,0
TXN01767,9613.68,2,0,0,0,0,Card,0
TXN01768,919.76,12,0,0,0,0,UPI,0
TXN01769,1240.42,7,0,0,0,0,UPI,0
TXN01770,1903.57,22,1,0,0,0,UPI,0
TXN01771,1145.51,15,1,0,0,0,ATM,1
TXN01772,5973.28,12,0,0,0,0,UPI,0
TXN01773,588.37,2,0,1,1,0,Bank Transfer,0
TXN01774,1332.23,15,0,0,0,0,UPI,0
TXN01775,521.93,8,0,1,0,0,Bank Transfer,0
TXN01776,292.94,13,0,0,1,0,Bank Transfer,0
TXN01777,594.8,12,0,1,0,0,Card,0
TXN01778,1056.76,20,0,0,1,0,Bank Transfer,1
TXN01779,713.87,6,0,0,0,0,UPI,0
TXN01780,548.71,14,0,0,1,0,Card,0
TXN01781,268.72,6,0,0,1,0,Card,0
TXN01782,1009.18,5,0,0,0,0,Card,1
TXN01783,243.54,1,0,0,0,0,Bank Transfer,0
TXN01784,2345.04,8,0,0,0,0,UPI,0
TXN01785,1190.87,21,0,0,0,1,UPI,0
TXN01786,255.3,23,1,1,0,0,UPI,0
TXN01787,804.96,16,0,1,0,0,Bank Transfer,0
TXN01788,516.9,4,0,0,0,0,ATM,0
TXN01789,1508.96,11,0,0,0,0,Card,0
TXN01790,4189.98,0,0,1,1,0,Card,0
TXN01791,168.15,9,0,0,0,0,Card,0
TXN01792,1230.32,10,0,0,0,0,Card,0
TXN01793,934.37,15,0,0,0,0,UPI,0
TXN01794,2145.96,13,0,0,0,0,Card,0
TXN01795,1357.22,7,0,0,0,0,Card,0
TXN01796,516.99,23,0,0,1,0,Card,0
TXN01797,797.07,16,0,0,0,0,UPI,0
TXN01798,494.71,17,0,0,0,0,Bank Transfer,0
TXN01799,3216.37,11,0,1,1,0,Bank Transfer,0
TXN01800,1120.26,16,0,0,1,0,Card,0
TXN01801,7340.71,13,0,0,0,0,Bank Transfer,0
TXN01802,1032.09,15,0,0,0,0,Card,0
TXN01803,540.01,13,0,0,0,1,Card,0
TXN01804,241.36,8,1,0,0,0,UPI,0
TXN01805,180.7,3,0,0,1,0,Bank Transfer,0
TXN01806,224.95,22,0,0,0,0,Card,0
TXN01807,1432.43,10,0,0,0,0,Card,0
TXN01808,1823.89,5,0,0,1,0,Card,0
TXN01809,225.61,14,1,0,0,0,Card,0
TXN01810,2683.93,4,0,0,1,0,Bank Transfer,0
TXN01811,676.5,10,1,0,0,1,Card,0
TXN01812,1270.03,17,0,0,0,0,Bank Transfer,0
TXN01813,5498.45,12,0,0,0,0,Card,0
TXN01814,2688.77,10,0,0,0,0,ATM,0
TXN01815,838.38,13,1,1,0,0,Bank Transfer,0
TXN01816,449.8,17,0,0,0,0,UPI,0
TXN01817,127.51,18,0,0,0,1,Bank Transfer,0
TXN01818,534.24,23,1,0,1,0,Card,1
TXN01819,887.91,14,0,0,0,1,ATM,0
TXN01820,408.63,8,0,0,0,0,Card,0
TXN01821,961.74,7,0,0,0,0,UPI,0
TXN01822,1184.23,19,0,0,1,0,UPI,0
TXN01823,875.81,0,0,1,0,0,Card,0
TXN01824,572.49,3,0,0,0,0,Bank Transfer,0
TXN01825,1298.1,13,0,0,0,0,Card,0
TXN01826,1706.06,1,0,1,0,0,UPI,0
TXN01827,368.56,15,0,1,0,0,Card,0
TXN01828,4495.95,2,0,0,0,0,Card,0
TXN01829,993.68,7,0,0,0,0,UPI,0
TXN01830,1117.5,5,0,1,1,0,UPI,1
TXN01831,2226.56,15,0,0,1,0,UPI,0
TXN01832,1384.67,23,0,0,0,0,UPI,0
TXN01833,2844.48,15,0,1,0,0,UPI,0
TXN01834,1461.36,6,0,0,0,0,UPI,0
TXN01835,594.41,12,0,0,0,0,Bank Transfer,0
TXN01836,1574.2,12,0,0,1,0,UPI,0
TXN01837,349.42,4,0,0,0,0,UPI,0
TXN01838,1222.39,19,0,1,0,0,UPI,0
TXN01839,1060.79,21,0,0,1,0,Card,0
TXN01840,890.59,17,0,1,0,1,Card,1
TXN01841,964.36,14,0,0,0,0,UPI,0
TXN01842,167.03,17,1,0,0,0,Card,0
TXN01843,633.51,1,0,0,0,0,Card,0
TXN01844,1203.33,9,0,0,0,0,UPI,0
TXN01845,1286.73,22,0,1,0,0,Card,0
TXN01846,392.42,12,0,0,0,0,Card,0
TXN01847,3888.22,17,0,0,0,0,UPI,0
TXN01848,461.2,14,0,0,0,1,Card,0
TXN01849,2891.29,11,0,1,0,0,Bank Transfer,0
TXN01850,1681.08,14,0,0,0,0,Card,0
TXN01851,574.66,12,0,0,0,0,UPI,0
TXN01852,6472.46,17,0,0,0,0,ATM,0
TXN01853,332.41,14,0,0,0,0,Card,0
TXN01854,2749.44,22,0,0,0,0,UPI,0
TXN01855,2982.69,10,0,0,0,0,UPI,0
TXN01856,560.81,18,0,1,0,0,Card,0
TXN01857,4413.69,2,0,0,0,0,Bank Transfer,0
TXN01858,854.02,6,1,0,0,0,UPI,0
TXN01859,1463.66,20,1,0,0,0,UPI,0
TXN01860,1422.71,13,0,0,0,1,Card,0
TXN01861,958.81,13,0,1,0,0,ATM,0
TXN01862,2467.12,21,0,0,1,0,UPI,0
TXN01863,2424.76,12,0,0,0,0,Bank Transfer,0
TXN01864,190.85,11,0,0,1,0,Card,0
TXN01865,4041.37,23,0,0,0,0,Bank Transfer,1
TXN01866,207.99,8,1,0,0,0,Card,0
TXN01867,3079.57,0,0,0,0,0,UPI,0
TXN01868,3383.63,18,0,0,0,0,Card,0
TXN01869,368.35,10,0,0,0,0,Bank Transfer,0
TXN01870,727.19,22,0,0,0,0,UPI,0
TXN01871,362.96,21,0,0,1,0,Card,0
TXN01872,884.55,22,0,1,1,0,UPI,1
TXN01873,805.9,23,0,0,0,0,UPI,0
TXN01874,2391.46,21,0,0,1,0,Bank Transfer,0
TXN01875,4065.57,18,1,0,1,0,UPI,0
TXN01876,4427.91,17,0,0,1,0,Bank Transfer,0
TXN01877,625.05,11,0,0,0,0,Card,0
TXN01878,889.61,22,0,0,0,0,ATM,0
TXN01879,203.68,0,0,1,0,1,UPI,1
TXN01880,489.87,18,0,0,0,0,UPI,0
TXN01881,2878.0,19,1,0,1,0,UPI,0
TXN01882,5516.96,16,0,0,0,0,Bank Transfer,0
TXN01883,319.15,4,1,0,0,0,Card,0
TXN01884,606.4,2,0,0,1,0,UPI,0
TXN01885,1068.05,1,0,0,0,0,Bank Transfer,0
TXN01886,1451.22,2,1,0,1,0,Bank Transfer,0
TXN01887,488.04,7,0,1,0,0,Bank Transfer,0
TXN01888,1675.83,15,0,0,0,0,UPI,0
TXN01889,682.77,5,0,0,0,0,UPI,0
TXN01890,1080.9,12,0,1,0,0,Bank Transfer,0
TXN01891,1893.69,22,0,0,0,1,Card,0
TXN01892,1103.7,21,1,1,1,0,UPI,0
TXN01893,708.83,21,0,0,1,0,UPI,0
TXN01894,982.78,15,0,0,0,0,ATM,0
TXN01895,1003.89,15,1,1,0,0,UPI,0
TXN01896,757.47,2,0,0,1,0,Card,0
TXN01897,846.58,12,0,0,0,0,Card,0
TXN01898,5424.32,13,0,0,0,0,Bank Transfer,0
TXN01899,1921.61,7,0,0,1,0,Card,0
TXN01900,816.09,11,0,0,1,0,Card,0
TXN01901,2201.63,22,1,0,0,0,UPI,0
TXN01902,785.39,22,0,0,0,0,Bank Transfer,0
TXN01903,3544.4,21,0,1,0,0,UPI,0
TXN01904,1587.07,20,0,0,0,0,Bank Transfer,0
TXN01905,985.06,7,0,1,1,0,Card,0
TXN01906,1715.94,20,0,0,1,0,Card,0
TXN01907,227.95,8,0,0,0,0,UPI,0
TXN01908,355.4,0,0,0,0,0,UPI,1
TXN01909,332.31,5,0,0,1,0,Card,0
TXN01910,1265.15,22,0,0,0,0,UPI,0
TXN01911,6201.3,18,0,0,0,0,ATM,0
TXN01912,10211.81,22,0,1,1,0,ATM,0
TXN01913,2075.69,10,0,1,0,0,UPI,0
TXN01914,1809.57,10,0,0,0,0,UPI,0
TXN01915,181.08,22,0,0,0,0,UPI,0
TXN01916,637.35,12,0,1,0,0,ATM,0
TXN01917,498.81,10,0,1,0,0,UPI,0
TXN01918,589.43,17,0,0,0,1,UPI,0
TXN01919,926.91,22,0,1,1,0,Card,0
TXN01920,683.97,14,0,1,0,0,UPI,0
TXN01921,151.52,0,0,1,0,0,UPI,0
TXN01922,2316.73,20,0,1,0,0,UPI,0
TXN01923,375.12,6,0,0,0,0,Card,0
TXN01924,1393.04,22,1,0,0,0,UPI,0
TXN01925,8726.18,12,1,0,0,1,Card,1
TXN01926,437.3,11,0,0,0,0,Bank Transfer,0
TXN01927,87.33,17,0,1,0,0,Card,0
TXN01928,823.86,23,0,1,1,0,Card,1
TXN01929,3297.63,18,0,0,0,0,UPI,0
TXN01930,7772.5,14,0,0,0,0,Card,0
TXN01931,320.68,7,0,0,0,0,UPI,0
TXN01932,1802.08,18,0,0,0,0,Card,0
TXN01933,688.62,9,0,0,0,0,UPI,0
TXN01934,986.39,6,1,0,0,0,UPI,0
TXN01935,15434.23,17,0,0,0,0,UPI,0
TXN01936,243.97,15,0,0,1,0,UPI,0
TXN01937,1413.38,19,0,0,0,0,Card,0
TXN01938,1750.56,5,0,1,0,0,Card,0
TXN01939,3247.97,8,0,0,0,0,UPI,0
TXN01940,1209.53,20,0,0,0,0,Card,0
TXN01941,1492.27,12,0,0,1,0,Card,0
TXN01942,741.26,20,0,0,0,0,Card,0
TXN01943,1435.3,7,0,0,0,0,Bank Transfer,0
TXN01944,778.06,15,1,0,0,0,UPI,1
TXN01945,2041.77,12,1,1,0,0,UPI,1
TXN01946,757.78,12,0,0,0,0,Card,0
TXN01947,1598.95,16,0,0,1,0,ATM,0
TXN01948,1065.01,22,0,0,0,0,Card,0
TXN01949,3381.42,19,0,0,0,0,Bank Transfer,0
TXN01950,1041.7,4,0,0,0,0,Bank Transfer,1
TXN01951,186.23,21,0,1,0,0,Card,0
TXN01952,3873.53,20,0,0,1,0,Card,0
TXN01953,443.31,16,0,0,0,0,UPI,0
TXN01954,570.34,8,0,1,0,1,Card,1
TXN01955,604.46,1,1,1,0,0,Card,0
TXN01956,4334.83,17,0,0,0,0,Card,0
TXN01957,129.58,8,0,0,0,0,UPI,0
TXN01958,25279.49,5,0,0,0,0,UPI,0
TXN01959,3152.83,10,1,0,0,1,Bank Transfer,0
TXN01960,1370.92,5,0,1,1,0,Card,0
TXN01961,1038.06,5,0,0,0,0,ATM,0
TXN01962,1459.07,12,0,0,1,0,Card,0
TXN01963,1846.64,10,0,1,0,0,UPI,0
TXN01964,2090.62,13,0,1,0,0,UPI,0
TXN01965,1911.43,1,0,0,0,0,Bank Transfer,0
TXN01966,1199.4,7,1,1,1,0,UPI,0
TXN01967,900.24,2,0,0,0,0,Bank Transfer,0
TXN01968,942.68,22,1,0,0,0,UPI,0
TXN01969,902.43,20,0,1,0,0,Bank Transfer,0
TXN01970,3407.62,2,0,0,1,0,Bank Transfer,0
TXN01971,1985.36,0,1,0,1,0,Bank Transfer,0
TXN01972,57.95,23,0,0,0,0,UPI,0
TXN01973,2113.08,18,0,0,1,0,Card,0
TXN01974,1332.4,17,0,0,0,0,UPI,0
TXN01975,1076.31,16,0,0,1,0,UPI,0
TXN01976,743.58,19,0,0,0,0,UPI,0
TXN01977,3374.87,23,0,0,0,0,Bank Transfer,0
TXN01978,2828.57,12,0,0,0,0,UPI,0
TXN01979,506.3,2,0,1,0,1,Bank Transfer,1
TXN01980,1647.56,0,0,0,0,0,UPI,0
TXN01981,415.03,3,0,0,0,0,UPI,0
TXN01982,275.99,12,0,0,0,0,UPI,0
TXN01983,585.98,16,1,0,0,0,Bank Transfer,0
TXN01984,2597.73,10,0,1,0,0,UPI,0
TXN01985,2844.45,1,0,0,1,0,Bank Transfer,0
TXN01986,1831.86,15,0,0,1,0,Card,0
TXN01987,2264.47,1,1,0,1,0,ATM,0
TXN01988,1837.53,18,0,0,0,0,UPI,0
TXN01989,577.39,22,0,0,0,0,Card,0
TXN01990,1689.05,18,0,1,1,0,Card,0
TXN01991,2441.6,15,0,0,1,0,Bank Transfer,0
TXN01992,2331.56,21,0,0,0,0,Card,0
TXN01993,3600.81,18,0,0,0,0,Bank Transfer,0
TXN01994,2226.76,8,0,0,0,0,UPI,0
TXN01995,1558.45,0,1,0,0,0,Card,1
TXN01996,3197.58,9,0,0,0,0,UPI,0
TXN01997,1067.93,18,0,0,0,0,UPI,0
TXN01998,454.01,0,0,0,1,0,UPI,0
TXN01999,931.63,1,1,0,0,0,Bank Transfer,0
TXN02000,520.66,15,0,0,0,0,ATM,0
TXN02001,558.26,11,0,0,0,1,UPI,0
TXN02002,949.07,7,0,0,1,0,Bank Transfer,0
TXN02003,496.5,22,0,1,0,0,Card,0
TXN02004,805.96,17,0,1,0,0,Card,0
TXN02005,165.07,1,0,0,0,0,UPI,0
TXN02006,1357.36,12,0,0,0,0,Card,0
TXN02007,1097.96,5,0,0,0,1,UPI,0
TXN02008,484.4,20,0,0,0,1,UPI,0
TXN02009,2120.16,5,0,1,0,0,Card,0
TXN02010,2800.55,8,0,0,0,0,Bank Transfer,0
TXN02011,219.74,15,0,0,0,0,Card,0
TXN02012,511.46,10,0,0,0,0,ATM,0
TXN02013,508.19,6,0,0,0,0,Bank Transfer,0
TXN02014,428.42,9,0,0,1,0,UPI,0
TXN02015,2513.61,9,0,1,0,0,UPI,0
TXN02016,903.41,19,0,0,0,0,Card,0
TXN02017,841.75,17,0,0,0,0,ATM,0
TXN02018,147.84,23,0,0,0,0,ATM,0
TXN02019,2070.24,19,0,1,0,0,Bank Transfer,0
TXN02020,317.58,8,0,0,0,0,Card,0
TXN02021,1164.37,14,1,0,0,0,Bank Transfer,0
TXN02022,1447.19,3,0,0,1,0,UPI,0
TXN02023,4275.51,7,1,1,1,0,UPI,1
TXN02024,296.24,8,0,1,1,0,Card,0
TXN02025,53.54,12,1,0,0,0,Bank Transfer,0
TXN02026,1317.97,8,0,0,0,0,ATM,0
TXN02027,6637.64,3,0,0,0,0,UPI,0
TXN02028,3785.55,16,0,0,0,0,Bank Transfer,0
TXN02029,1352.43,15,0,0,0,0,Bank Transfer,0
TXN02030,670.73,14,1,0,0,0,Card,0
TXN02031,2458.05,2,0,0,0,0,UPI,0
TXN02032,414.24,19,0,0,0,0,Card,0
TXN02033,1765.8,4,0,0,0,0,Card,0
TXN02034,1817.96,22,0,0,0,0,Card,0
TXN02035,3165.95,4,0,0,0,1,Card,0
TXN02036,17320.74,19,0,0,1,0,Bank Transfer,0
TXN02037,1623.62,14,0,0,0,0,UPI,0
TXN02038,659.21,17,0,0,0,0,UPI,0
TXN02039,1068.94,14,1,1,0,0,Card,0
TXN02040,186.97,1,0,0,0,0,UPI,0
TXN02041,547.46,12,0,0,0,0,ATM,0
TXN02042,728.3,3,0,0,1,0,UPI,0
TXN02043,649.31,9,0,0,1,0,Card,0
TXN02044,1277.11,12,0,0,0,0,Bank Transfer,0
TXN02045,481.82,9,0,0,0,0,UPI,0
TXN02046,3364.49,8,0,0,0,0,Bank Transfer,0
TXN02047,1096.86,7,1,0,0,0,Card,0
TXN02048,1086.48,2,0,0,1,0,UPI,0
TXN02049,790.06,15,0,0,0,0,Bank Transfer,0
TXN02050,1280.74,13,1,0,1,0,UPI,0
TXN02051,2502.63,8,0,0,0,0,Card,0
TXN02052,460.76,20,0,1,0,0,UPI,0
TXN02053,567.86,10,0,0,0,0,UPI,0
TXN02054,809.38,2,0,0,0,0,Bank Transfer,0
TXN02055,285.47,4,0,0,0,0,Bank Transfer,0
TXN02056,483.35,9,0,1,0,0,UPI,1
TXN02057,681.15,12,0,0,0,0,Card,0
TXN02058,2629.08,3,1,0,0,0,Bank Transfer,0
TXN02059,1425.9,23,0,0,0,0,Bank Transfer,0
TXN02060,1330.87,12,1,0,0,0,Card,0
TXN02061,2568.04,11,1,1,0,0,Bank Transfer,0
TXN02062,955.88,4,0,0,0,0,Card,0
TXN02063,1620.46,9,0,1,0,0,Card,0
TXN02064,989.08,23,0,0,0,0,ATM,0
TXN02065,1429.9,8,0,0,1,0,UPI,0
TXN02066,612.31,19,0,0,0,0,UPI,0
TXN02067,95.7,6,1,0,0,0,UPI,0
TXN02068,958.84,1,0,1,0,0,UPI,1
TXN02069,4549.39,21,0,0,1,0,UPI,0
TXN02070,2768.93,23,0,0,0,0,Bank Transfer,0
TXN02071,2879.57,22,0,1,0,0,Card,0
TXN02072,3774.91,6,0,0,0,0,UPI,0
TXN02073,1198.3,7,0,0,0,0,UPI,0
TXN02074,1335.84,6,0,0,0,0,UPI,0
TXN02075,591.31,20,0,0,0,0,Card,0
TXN02076,799.45,22,0,0,1,0,Card,0
TXN02077,2029.96,13,0,0,1,0,UPI,0
TXN02078,3655.12,18,0,0,0,0,ATM,0
TXN02079,953.9,4,0,0,0,0,Card,0
TXN02080,699.11,22,0,0,0,0,ATM,0
TXN02081,1097.21,17,0,1,0,0,UPI,0
TXN02082,2000.61,19,0,0,0,0,Bank Transfer,0
TXN02083,258.82,11,1,0,0,1,Card,0
TXN02084,110.37,22,0,0,0,0,Bank Transfer,0
TXN02085,632.36,16,0,0,0,1,Card,0
TXN02086,323.53,12,1,0,0,0,ATM,0
TXN02087,659.75,1,0,1,0,0,Card,0
TXN02088,945.98,12,0,1,0,0,Bank Transfer,0
TXN02089,696.98,6,1,0,0,0,Bank Transfer,0
TXN02090,4686.62,9,0,0,0,0,Card,0
TXN02091,1520.42,22,0,0,1,0,Card,0
TXN02092,1481.0,5,1,0,1,0,UPI,0
TXN02093,2043.07,2,0,0,0,0,Bank Transfer,0
TXN02094,351.13,2,0,1,0,0,Card,1
TXN02095,3099.86,17,0,0,0,0,Card,0
TXN02096,1016.62,10,0,1,0,0,UPI,0
TXN02097,2144.11,21,0,0,0,1,Card,0
TXN02098,375.46,19,0,0,0,0,Card,0
TXN02099,231.88,4,1,0,0,0,Card,0
TXN02100,2484.66,18,1,0,0,0,Card,0
TXN02101,1597.84,21,1,0,1,1,UPI,0
TXN02102,444.94,18,0,0,0,0,UPI,0
TXN02103,459.59,14,0,0,0,0,Card,0
TXN02104,3379.34,15,1,0,0,0,UPI,0
TXN02105,333.82,23,1,0,0,0,Card,0
TXN02106,5668.46,8,0,1,0,0,Card,0
TXN02107,445.58,3,0,0,0,0,ATM,0
TXN02108,2076.4,14,0,0,0,0,UPI,0
TXN02109,789.49,11,0,0,1,0,UPI,0
TXN02110,2004.58,22,0,0,0,0,Card,0
TXN02111,636.44,2,1,0,1,0,Card,0
TXN02112,931.88,22,0,0,0,0,UPI,0
TXN02113,1142.44,13,0,0,0,0,Bank Transfer,0
TXN02114,402.55,16,0,0,0,0,Card,0
TXN02115,2300.37,18,0,0,0,0,UPI,0
TXN02116,656.41,5,0,0,1,0,UPI,0
TXN02117,872.53,3,0,0,0,0,Bank Transfer,0
TXN02118,405.71,6,0,0,0,0,UPI,0
TXN02119,84.58,18,0,0,0,0,UPI,0
TXN02120,905.94,16,0,0,0,0,UPI,1
TXN02121,12241.85,15,0,0,0,0,Card,0
TXN02122,2403.31,14,0,0,0,1,Bank Transfer,0
TXN02123,1075.71,21,1,0,1,0,UPI,0
TXN02124,843.12,7,0,0,0,0,UPI,0
TXN02125,1121.55,18,0,0,0,0,UPI,0
TXN02126,1895.27,7,0,0,0,0,Card,0
TXN02127,336.7,17,1,0,0,0,UPI,0
TXN02128,3341.99,15,0,0,0,0,Bank Transfer,0
TXN02129,2242.58,19,0,0,1,0,UPI,0
TXN02130,2248.88,18,0,0,0,0,UPI,0
TXN02131,1700.16,9,0,1,0,0,UPI,0
TXN02132,1118.36,16,1,0,0,0,Bank Transfer,0
TXN02133,2149.22,12,0,0,1,0,Card,0
TXN02134,1981.91,12,0,0,1,1,ATM,0
TXN02135,769.67,6,0,0,0,0,UPI,0
TXN02136,617.94,9,1,0,0,0,UPI,0
TXN02137,1214.22,1,0,0,0,0,Card,1
TXN02138,5161.69,3,0,0,1,0,Card,0
TXN02139,317.63,5,0,1,0,0,Card,0
TXN02140,252.77,23,0,1,0,0,UPI,0
TXN02141,1293.05,17,0,0,0,0,UPI,0
TXN02142,1153.88,22,0,1,0,0,UPI,0
TXN02143,1304.2,5,0,0,0,0,Card,0
TXN02144,1399.62,22,1,0,1,1,Card,0
TXN02145,877.26,16,0,0,0,0,Bank Transfer,0
TXN02146,4865.2,13,0,0,0,1,UPI,0
TXN02147,221.21,23,0,0,0,0,Bank Transfer,0
TXN02148,478.91,10,0,1,1,0,Card,0
TXN02149,989.05,18,0,0,1,0,UPI,0
TXN02150,212.05,1,0,0,0,0,ATM,0
TXN02151,919.79,2,0,1,1,0,Card,0
TXN02152,5776.02,10,0,0,0,0,Card,0
TXN02153,1119.78,5,0,0,0,0,Card,0
TXN02154,1381.19,13,1,0,0,0,UPI,0
TXN02155,311.01,18,0,0,1,0,Bank Transfer,0
TXN02156,592.08,15,1,0,1,1,Bank Transfer,0
TXN02157,753.56,20,0,0,0,0,UPI,0
TXN02158,798.14,21,0,0,0,0,Card,0
TXN02159,3950.68,23,0,1,0,0,Bank Transfer,0
TXN02160,1915.42,6,1,1,1,0,UPI,0
TXN02161,360.88,7,0,0,0,0,UPI,0
TXN02162,1403.19,18,0,0,0,0,UPI,0
TXN02163,1804.83,19,0,0,0,0,Card,0
TXN02164,3429.43,15,0,1,0,0,Bank Transfer,0
TXN02165,5326.98,21,0,0,0,0,Card,0
TXN02166,397.39,6,0,0,0,0,UPI,0
TXN02167,487.43,8,0,0,0,0,Card,0
TXN02168,311.82,12,0,1,1,0,Bank Transfer,0
TXN02169,867.82,0,0,0,0,0,UPI,0
TXN02170,1748.23,7,0,0,1,0,Bank Transfer,1
TXN02171,2943.44,23,0,0,0,0,Bank Transfer,0
TXN02172,1016.43,21,1,0,0,0,UPI,0
TXN02173,796.44,3,1,0,0,0,UPI,0
TXN02174,1276.35,2,1,0,0,0,Card,0
TXN02175,475.73,2,0,0,0,0,Card,0
TXN02176,8862.1,21,1,0,0,0,Bank Transfer,0
TXN02177,219.72,12,0,0,0,0,Card,0
TXN02178,1319.15,7,0,0,0,0,UPI,0
TXN02179,8296.64,6,0,0,0,0,UPI,0
TXN02180,1104.12,0,0,1,0,0,Bank Transfer,0
TXN02181,906.84,15,1,0,0,0,UPI,0
TXN02182,767.05,5,0,0,0,0,Card,0
TXN02183,915.63,6,0,0,0,0,UPI,0
TXN02184,4327.95,11,0,0,1,0,UPI,0
TXN02185,120.08,22,0,0,0,0,UPI,0
TXN02186,5081.87,8,0,1,0,0,UPI,0
TXN02187,264.02,10,0,0,0,0,Card,0
TXN02188,839.95,9,1,0,0,0,UPI,0
TXN02189,713.91,20,0,0,0,1,ATM,0
TXN02190,1975.45,0,0,0,1,0,Card,0
TXN02191,221.82,17,0,1,0,1,Card,0
TXN02192,1740.93,3,0,0,0,0,Card,0
TXN02193,8302.48,4,1,0,0,0,Card,0
TXN02194,280.57,8,0,0,0,0,UPI,0
TXN02195,1325.71,16,0,0,0,0,ATM,1
TXN02196,565.67,2,0,1,0,0,Card,1
TXN02197,1678.89,15,0,1,0,0,UPI,0
TXN02198,1117.83,4,0,1,0,0,Card,0
TXN02199,577.39,15,0,0,0,0,Card,0
TXN02200,1786.25,2,0,0,0,0,UPI,0
TXN02201,6663.15,19,0,0,0,0,ATM,0
TXN02202,906.05,14,0,0,0,0,UPI,0
TXN02203,2252.41,2,0,0,0,0,Card,0
TXN02204,300.88,19,0,0,0,0,ATM,0
TXN02205,421.39,13,0,1,0,0,UPI,0
TXN02206,1758.83,15,1,0,0,0,UPI,1
TXN02207,4837.32,16,0,0,1,0,UPI,0
TXN02208,1564.96,23,0,1,0,0,UPI,0
TXN02209,801.87,19,0,0,0,0,UPI,0
TXN02210,1095.86,22,1,0,0,0,Bank Transfer,0
TXN02211,314.06,17,0,0,0,0,Bank Transfer,0
TXN02212,2007.24,17,0,0,1,0,Card,0
TXN02213,2650.05,21,0,0,0,0,UPI,0
TXN02214,697.78,13,1,0,0,0,Bank Transfer,0
TXN02215,685.37,17,1,0,0,0,Card,0
TXN02216,1430.64,14,0,0,0,0,UPI,0
TXN02217,708.59,14,0,1,0,0,Card,0
TXN02218,1026.46,5,0,0,0,0,UPI,0
TXN02219,8952.8,14,0,0,0,0,ATM,0
TXN02220,856.6,17,0,0,0,0,Card,0
TXN02221,766.37,3,0,0,0,1,Card,1
TXN02222,573.9,22,0,0,1,0,Card,0
TXN02223,2308.13,7,0,0,0,0,Card,0
TXN02224,914.86,14,0,0,0,0,UPI,0
TXN02225,572.85,2,0,0,0,0,Card,0
TXN02226,4110.52,14,0,0,0,0,Bank Transfer,0
TXN02227,4535.1,12,1,0,0,0,UPI,0
TXN02228,601.59,8,0,0,0,0,ATM,0
TXN02229,169.6,1,0,0,0,1,Card,1
TXN02230,3003.44,23,0,0,0,0,UPI,0
TXN02231,553.01,7,0,0,0,0,Card,0
TXN02232,2417.83,19,0,0,1,0,Bank Transfer,0
TXN02233,152.92,16,0,1,0,0,Card,0
TXN02234,2677.39,12,1,0,0,0,Card,0
TXN02235,326.63,0,0,0,1,0,Card,0
TXN02236,2277.34,1,0,0,0,0,Card,0
TXN02237,1112.4,14,1,1,0,0,UPI,0
TXN02238,422.45,11,0,0,0,0,UPI,0
TXN02239,729.94,13,1,1,0,0,UPI,1
TXN02240,2178.34,1,1,0,0,0,UPI,0
TXN02241,1219.13,17,0,0,0,0,UPI,0
TXN02242,1967.29,21,0,0,0,0,Card,0
TXN02243,7914.41,6,0,1,0,0,Card,0
TXN02244,229.47,22,0,0,1,0,UPI,1
TXN02245,5525.96,5,0,0,0,1,UPI,0
TXN02246,1217.26,13,1,0,1,0,UPI,0
TXN02247,446.4,7,0,1,1,0,UPI,0
TXN02248,289.94,21,0,0,0,0,UPI,0
TXN02249,907.67,1,0,0,1,0,Card,0
TXN02250,2756.32,16,0,0,0,0,UPI,0
TXN02251,965.31,4,0,1,1,0,Card,0
TXN02252,4969.9,13,0,1,0,0,Card,0
TXN02253,256.94,23,0,0,0,0,UPI,0
TXN02254,1083.46,19,0,0,0,1,UPI,1
TXN02255,313.44,20,0,0,0,0,UPI,0
TXN02256,1577.56,20,0,1,1,0,UPI,0
TXN02257,2662.14,21,0,0,1,0,UPI,0
TXN02258,719.99,2,0,0,0,0,Bank Transfer,0
TXN02259,81.11,4,0,0,1,0,UPI,0
TXN02260,1338.02,15,0,1,0,0,ATM,0
TXN02261,1697.21,17,0,0,0,0,UPI,0
TXN02262,1643.03,16,0,0,0,0,Bank Transfer,0
TXN02263,3773.59,10,0,1,0,0,Card,0
TXN02264,375.76,16,0,0,0,0,UPI,0
TXN02265,2165.09,15,0,0,0,0,UPI,0
TXN02266,3613.77,22,0,1,0,0,Card,0
TXN02267,185.2,1,0,1,0,0,Bank Transfer,0
TXN02268,1509.68,3,1,1,0,0,UPI,0
TXN02269,662.37,20,0,0,0,0,UPI,1
TXN02270,1010.78,6,0,0,0,0,UPI,0
TXN02271,1552.58,1,0,1,1,0,UPI,0
TXN02272,673.69,5,0,0,1,0,ATM,0
TXN02273,557.96,16,1,1,0,0,Card,0
TXN02274,1134.73,6,0,1,0,0,UPI,0
TXN02275,369.72,4,1,0,1,0,UPI,1
TXN02276,370.25,4,0,1,0,0,UPI,0
TXN02277,2163.26,19,0,1,0,0,Bank Transfer,0
TXN02278,347.65,15,0,0,0,0,Bank Transfer,0
TXN02279,2135.19,18,0,0,0,0,UPI,0
TXN02280,1741.66,8,0,0,0,0,Card,0
TXN02281,195.23,4,0,0,0,0,ATM,0
TXN02282,556.93,7,0,0,0,1,UPI,0
TXN02283,3619.57,8,0,0,0,0,UPI,0
TXN02284,411.1,4,1,1,1,0,UPI,0
TXN02285,689.24,9,0,1,0,0,UPI,0
TXN02286,1740.73,1,0,0,0,0,UPI,0
TXN02287,2400.4,8,0,0,0,0,ATM,0
TXN02288,852.75,10,0,0,0,1,Card,0
TXN02289,603.35,3,0,1,1,0,UPI,0
TXN02290,4547.67,21,0,0,0,0,UPI,1
TXN02291,6241.02,21,1,0,1,0,Card,0
TXN02292,2918.6,21,0,1,0,0,UPI,0
TXN02293,1194.3,1,0,0,0,0,UPI,0
TXN02294,488.69,22,0,1,0,0,UPI,0
TXN02295,477.97,5,0,1,0,0,Card,0
TXN02296,1849.21,13,0,1,1,0,UPI,0
TXN02297,1666.36,0,0,0,0,0,UPI,0
TXN02298,4454.18,17,0,0,0,0,Card,0
TXN02299,2101.59,6,1,1,1,1,UPI,1
TXN02300,243.94,0,0,0,0,0,ATM,0
TXN02301,3139.9,0,0,0,1,0,Card,0
TXN02302,404.21,0,0,0,0,0,UPI,0
TXN02303,746.97,23,0,0,0,0,UPI,0
TXN02304,1408.39,3,0,0,0,0,Card,0
TXN02305,8068.05,3,0,0,0,0,UPI,0
TXN02306,24585.66,17,0,0,0,0,Bank Transfer,0
TXN02307,2011.68,10,1,0,0,0,Card,0
TXN02308,913.06,0,0,0,0,0,Card,0
TXN02309,1871.52,9,0,0,0,0,ATM,0
TXN02310,2664.19,8,0,0,0,0,UPI,0
TXN02311,795.79,22,0,0,1,0,UPI,0
TXN02312,6602.55,3,0,0,0,0,Card,0
TXN02313,1380.32,5,1,0,0,0,Bank Transfer,0
TXN02314,1803.97,15,0,0,0,0,Card,0
TXN02315,2134.36,1,0,0,0,0,Card,0
TXN02316,1671.68,22,0,0,1,0,UPI,0
TXN02317,2537.51,17,0,0,0,0,Card,0
TXN02318,591.55,9,1,0,1,0,UPI,0
TXN02319,627.47,23,0,0,0,0,Card,0
TXN02320,364.98,23,0,1,0,0,UPI,0
TXN02321,1701.9,16,0,0,0,0,UPI,0
TXN02322,2389.73,12,0,1,1,1,ATM,0
TXN02323,1733.28,23,0,0,1,0,UPI,0
TXN02324,5851.73,17,0,0,0,0,UPI,0
TXN02325,1090.51,21,0,0,1,0,UPI,0
TXN02326,2140.39,12,0,0,0,0,UPI,0
TXN02327,368.08,16,1,0,1,1,Card,1
TXN02328,744.64,4,0,0,0,0,UPI,0
TXN02329,2198.52,10,0,0,0,0,UPI,0
TXN02330,2563.43,6,0,0,0,0,UPI,0
TXN02331,817.32,9,0,0,1,0,UPI,0
TXN02332,1020.86,16,1,0,1,0,UPI,0
TXN02333,240.36,14,0,1,1,0,UPI,1
TXN02334,767.37,17,0,0,1,0,UPI,0
TXN02335,2671.47,22,0,0,0,0,UPI,0
TXN02336,1949.26,21,0,0,1,0,Bank Transfer,0
TXN02337,1809.25,18,0,0,1,0,Bank Transfer,0
TXN02338,1152.6,1,0,0,0,0,UPI,0
TXN02339,1104.41,3,1,0,0,0,UPI,0
TXN02340,566.61,2,0,0,0,0,Card,0
TXN02341,2205.76,6,1,1,1,0,Card,0
TXN02342,1670.66,23,0,0,1,0,ATM,0
TXN02343,1793.67,17,0,1,1,0,UPI,0
TXN02344,648.05,9,0,1,1,0,Card,0
TXN02345,127.31,6,0,1,1,0,Bank Transfer,0
TXN02346,3285.1,7,0,0,0,0,Card,0
TXN02347,679.37,5,1,0,0,1,UPI,0
TXN02348,462.77,21,1,0,0,0,UPI,0
TXN02349,2193.99,0,1,0,0,0,UPI,0
TXN02350,740.99,3,0,0,0,0,UPI,0
TXN02351,3165.09,13,1,0,1,0,Bank Transfer,1
TXN02352,2032.47,16,0,0,0,1,UPI,0
TXN02353,2172.36,19,0,0,0,0,UPI,0
TXN02354,279.79,17,0,0,0,0,Bank Transfer,0
TXN02355,3684.7,10,0,0,0,1,Card,0
TXN02356,1424.04,20,0,0,0,0,UPI,0
TXN02357,758.03,13,0,1,0,0,UPI,0
TXN02358,1265.71,8,1,0,0,1,UPI,0
TXN02359,185.63,14,0,0,0,0,UPI,0
TXN02360,1650.2,11,0,0,0,0,Bank Transfer,0
TXN02361,391.75,9,1,0,0,0,UPI,0
TXN02362,283.53,18,0,0,0,0,Card,0
TXN02363,239.28,23,1,0,0,0,UPI,1
TXN02364,3336.54,18,0,0,0,0,ATM,0
TXN02365,584.49,5,0,0,0,0,Card,0
TXN02366,5083.36,19,0,0,1,0,Bank Transfer,0
TXN02367,641.75,23,0,0,0,0,UPI,0
TXN02368,198.87,5,0,0,0,0,Bank Transfer,0
TXN02369,359.05,7,0,1,0,1,Bank Transfer,0
TXN02370,3773.7,0,0,0,0,0,Card,0
TXN02371,938.33,21,1,1,0,0,UPI,0
TXN02372,633.79,16,0,0,0,0,UPI,0
TXN02373,1286.93,16,0,0,0,0,UPI,0
TXN02374,1811.27,23,0,0,0,0,UPI,0
TXN02375,3352.29,14,0,0,0,0,Card,0
TXN02376,4668.06,6,0,0,0,0,Card,0
TXN02377,765.27,18,1,0,0,0,Card,0
TXN02378,291.18,21,0,0,1,0,UPI,0
TXN02379,725.26,22,0,0,0,0,UPI,0
TXN02380,1422.66,2,0,0,0,0,UPI,0
TXN02381,418.32,21,0,1,0,0,UPI,0
TXN02382,421.09,10,1,0,1,0,Bank Transfer,0
TXN02383,1546.56,19,0,0,0,0,UPI,0
TXN02384,1044.56,18,0,0,0,0,Card,0
TXN02385,1133.2,8,0,0,0,1,Card,0
TXN02386,513.63,9,0,1,0,0,Bank Transfer,0
TXN02387,870.96,1,0,1,0,0,UPI,1
TXN02388,435.18,0,0,0,0,0,Card,0
TXN02389,2670.97,15,1,0,0,0,UPI,0
TXN02390,3087.91,17,1,0,0,0,UPI,0
TXN02391,173.09,22,0,0,0,0,Card,0
TXN02392,432.89,16,0,1,0,0,Card,0
TXN02393,245.54,5,0,0,0,0,UPI,0
TXN02394,572.48,13,1,0,0,0,UPI,0
TXN02395,1008.85,22,1,0,1,0,Card,0
TXN02396,257.33,14,1,0,0,0,UPI,0
TXN02397,436.22,13,0,1,1,0,Card,0
TXN02398,401.84,23,0,0,0,0,Bank Transfer,0
TXN02399,1349.2,21,0,0,0,0,Card,0
TXN02400,1175.38,2,0,0,0,0,Card,0
TXN02401,532.86,23,0,0,0,0,Card,0
TXN02402,1308.74,22,0,0,0,1,Bank Transfer,0
TXN02403,634.81,18,0,1,0,0,Card,0
TXN02404,835.76,11,0,0,0,0,UPI,0
TXN02405,5845.64,1,0,0,0,0,UPI,0
TXN02406,4190.02,2,0,0,0,0,ATM,0
TXN02407,298.99,17,1,0,0,0,UPI,0
TXN02408,2514.26,0,0,1,0,0,Card,0
TXN02409,2468.58,19,0,0,1,1,Bank Transfer,0
TXN02410,347.84,20,0,0,1,0,Card,0
TXN02411,2486.86,5,0,0,0,0,UPI,0
TXN02412,5104.78,4,0,0,0,1,UPI,1
TXN02413,356.9,0,0,0,1,0,UPI,0
TXN02414,438.12,18,0,0,1,0,UPI,0
TXN02415,3034.07,0,0,0,0,0,ATM,0
TXN02416,1438.7,20,1,0,1,1,Card,1
TXN02417,1903.55,20,0,0,0,1,Bank Transfer,0
TXN02418,1541.62,15,0,1,0,1,Card,0
TXN02419,1620.83,11,0,0,0,0,UPI,0
TXN02420,291.06,21,1,0,0,0,UPI,0
TXN02421,3125.4,7,0,0,1,0,UPI,0
TXN02422,3531.9,15,1,0,0,0,Card,0
TXN02423,871.84,0,1,0,0,1,Card,0
TXN02424,1049.98,3,1,0,0,0,Card,0
TXN02425,237.2,9,1,0,0,0,Card,0
TXN02426,1834.0,10,0,0,0,0,ATM,0
TXN02427,1943.13,16,0,0,1,0,UPI,0
TXN02428,1030.51,22,1,0,0,0,Card,0
TXN02429,3375.68,6,0,0,0,0,UPI,0
TXN02430,785.19,11,0,0,1,0,Card,0
TXN02431,1928.71,20,0,0,0,0,UPI,0
TXN02432,395.57,6,0,0,1,0,Card,0
TXN02433,1071.11,11,1,1,0,0,UPI,0
TXN02434,921.17,14,0,1,0,1,UPI,0
TXN02435,1373.76,1,0,0,0,0,Bank Transfer,0
TXN02436,757.84,13,1,0,1,0,UPI,0
TXN02437,961.53,12,0,0,0,0,UPI,0
TXN02438,2505.01,3,0,0,0,0,Card,0
TXN02439,708.56,13,0,1,0,0,Card,0
TXN02440,219.95,13,0,0,0,0,Card,0
TXN02441,6308.06,15,0,0,0,0,Card,0
TXN02442,4365.35,6,0,0,1,0,UPI,0
TXN02443,301.19,18,0,0,1,0,UPI,0
TXN02444,2185.74,1,0,0,0,0,Bank Transfer,0
TXN02445,663.17,9,0,0,0,0,UPI,0
TXN02446,1427.22,17,0,0,0,0,Bank Transfer,0
TXN02447,1471.77,16,0,0,0,0,UPI,1
TXN02448,867.48,4,0,0,1,0,Card,0
TXN02449,500.81,11,0,0,1,0,ATM,0
TXN02450,549.75,5,0,0,1,0,Card,0
TXN02451,438.7,21,0,0,0,1,UPI,0
TXN02452,477.32,8,0,1,0,0,Card,0
TXN02453,1025.38,19,1,0,0,0,Card,0
TXN02454,536.06,0,0,0,0,0,Card,0
TXN02455,2169.07,21,0,0,0,0,UPI,0
TXN02456,4852.48,14,0,0,1,0,Card,0
TXN02457,613.97,20,1,0,1,0,UPI,0
TXN02458,1393.26,5,0,0,1,0,UPI,0
TXN02459,1807.47,18,0,1,1,0,Card,0
TXN02460,1758.12,17,0,0,0,0,UPI,0
TXN02461,1183.17,5,0,1,0,0,Bank Transfer,0
TXN02462,2304.65,12,0,1,0,0,Bank Transfer,0
TXN02463,1776.23,0,0,1,0,0,ATM,0
TXN02464,318.09,22,0,0,0,0,Card,0
TXN02465,2615.36,22,0,0,0,0,Card,0
TXN02466,2663.22,12,0,0,0,0,UPI,0
TXN02467,511.18,6,0,0,0,1,Card,0
TXN02468,1139.04,14,0,0,0,0,UPI,0
TXN02469,2171.84,11,0,0,0,0,UPI,0
TXN02470,889.52,0,0,0,0,0,Card,0
TXN02471,3206.64,14,0,1,0,0,UPI,0
TXN02472,11659.45,3,1,0,0,0,UPI,0
TXN02473,499.7,12,0,0,1,0,Bank Transfer,0
TXN02474,275.6,22,1,1,0,1,UPI,0
TXN02475,1485.96,4,0,0,0,0,UPI,0
TXN02476,2256.48,1,1,0,0,0,UPI,0
TXN02477,870.56,22,0,1,1,0,Card,0
TXN02478,4690.34,0,0,1,0,0,Card,0
TXN02479,287.55,15,1,0,1,0,Card,0
TXN02480,2192.77,22,0,1,1,0,UPI,0
TXN02481,598.33,5,0,0,1,0,Card,0
TXN02482,6120.37,22,0,1,0,0,Card,0
TXN02483,8042.66,15,0,1,0,0,UPI,0
TXN02484,509.46,13,0,0,0,0,Card,0
TXN02485,632.98,2,0,0,0,0,Card,0
TXN02486,2590.45,14,0,0,0,0,Card,0
TXN02487,744.62,2,0,0,1,0,Card,0
TXN02488,1047.95,22,0,1,1,0,UPI,0
TXN02489,1124.83,1,0,0,0,0,Card,0
TXN02490,160.83,0,0,0,0,0,Card,0
TXN02491,1081.56,8,1,1,1,0,Card,0
TXN02492,550.19,8,0,1,0,0,Card,0
TXN02493,669.73,22,0,1,0,0,Bank Transfer,0
TXN02494,4645.4,6,0,0,0,0,Bank Transfer,0
TXN02495,312.15,2,0,0,0,0,Card,0
TXN02496,2473.04,17,0,0,0,0,Card,0
TXN02497,829.68,10,0,0,0,0,UPI,0
TXN02498,829.02,6,0,0,0,0,Bank Transfer,0
TXN02499,2417.22,8,0,0,0,0,Card,0
TXN02500,1540.79,0,0,0,0,0,UPI,0
